,country,year,democracy_index,human_development_index
0,AFG,2006,30.6,41.0
1,AFG,2008,30.2,43.1
2,AFG,2010,24.8,44.9
3,AFG,2011,24.8,45.7
4,AFG,2012,24.8,46.7
5,AFG,2013,24.8,47.5
6,AFG,2014,27.7,48.0
7,AFG,2015,27.7,47.9
8,AFG,2016,25.5,48.3
9,AFG,2017,25.5,48.5
10,AFG,2018,29.7,48.6
11,AFG,2019,28.5,49.2
12,AFG,2020,28.5,48.8
13,AFG,2021,3.2,47.3
14,AFG,2022,3.2,46.2
15,AGO,2006,24.1,46.3
16,AGO,2008,33.5,49.2
17,AGO,2010,33.2,51.6
18,AGO,2011,33.2,53.3
19,AGO,2012,33.5,54.5
20,AGO,2013,33.5,55.5
21,AGO,2014,33.5,56.5
22,AGO,2015,33.5,59.1
23,AGO,2016,34.0,59.5
24,AGO,2017,36.2,59.7
25,AGO,2018,36.2,59.8
26,AGO,2019,37.2,59.7
27,AGO,2020,36.6,59.4
28,AGO,2021,33.7,59.0
29,AGO,2022,39.6,59.1
30,ALB,2006,59.1,72.8
31,ALB,2008,59.1,74.7
32,ALB,2010,58.6,76.6
33,ALB,2011,58.1,77.9
34,ALB,2012,56.7,78.9
35,ALB,2013,56.7,79.3
36,ALB,2014,56.7,79.7
37,ALB,2015,59.1,79.7
38,ALB,2016,59.1,79.5
39,ALB,2017,59.8,79.6
40,ALB,2018,59.8,79.7
41,ALB,2019,58.9,80.0
42,ALB,2020,60.8,78.4
43,ALB,2021,61.1,78.5
44,ALB,2022,64.1,78.9
45,ARE,2006,24.2,82.0
46,ARE,2008,26.0,82.7
47,ARE,2010,25.2,82.8
48,ARE,2011,25.8,83.5
49,ARE,2012,25.8,84.1
50,ARE,2013,25.2,84.7
51,ARE,2014,26.4,85.3
52,ARE,2015,27.5,86.0
53,ARE,2016,27.5,86.6
54,ARE,2017,26.9,89.8
55,ARE,2018,27.6,91.7
56,ARE,2019,27.6,93.3
57,ARE,2020,27.0,93.0
58,ARE,2021,29.0,93.1
59,ARE,2022,29.0,93.7
60,ARG,2006,66.3,81.4
61,ARG,2008,66.3,82.5
62,ARG,2010,68.4,83.4
63,ARG,2011,68.4,84.2
64,ARG,2012,68.4,84.4
65,ARG,2013,68.4,84.6
66,ARG,2014,68.4,84.7
67,ARG,2015,70.2,85.0
68,ARG,2016,69.6,84.8
69,ARG,2017,69.6,85.3
70,ARG,2018,70.2,85.2
71,ARG,2019,70.2,85.3
72,ARG,2020,69.5,84.1
73,ARG,2021,68.1,84.4
74,ARG,2022,68.5,84.9
75,ARM,2006,41.5,71.4
76,ARM,2008,40.9,73.3
77,ARM,2010,40.9,73.9
78,ARM,2011,40.9,74.3
79,ARM,2012,40.9,75.1
80,ARM,2013,40.2,75.7
81,ARM,2014,41.3,76.4
82,ARM,2015,40.0,76.9
83,ARM,2016,38.8,77.3
84,ARM,2017,41.1,77.5
85,ARM,2018,47.9,78.1
86,ARM,2019,55.4,78.9
87,ARM,2020,53.5,76.9
88,ARM,2021,54.9,77.4
89,ARM,2022,56.3,78.6
90,AUS,2006,90.9,91.4
91,AUS,2008,90.9,92.0
92,AUS,2010,92.2,92.4
93,AUS,2011,92.2,92.7
94,AUS,2012,92.2,93.1
95,AUS,2013,91.3,92.9
96,AUS,2014,90.1,93.1
97,AUS,2015,90.1,93.3
98,AUS,2016,90.1,93.6
99,AUS,2017,90.9,93.7
100,AUS,2018,90.9,94.1
101,AUS,2019,90.9,94.1
102,AUS,2020,89.6,94.8
103,AUS,2021,89.0,94.9
104,AUS,2022,87.1,94.6
105,AUT,2006,86.9,89.3
106,AUT,2008,84.9,89.9
107,AUT,2010,84.9,90.3
108,AUT,2011,84.9,90.7
109,AUT,2012,86.2,90.9
110,AUT,2013,84.8,90.7
111,AUT,2014,85.4,91.1
112,AUT,2015,85.4,91.0
113,AUT,2016,84.1,91.3
114,AUT,2017,84.2,91.4
115,AUT,2018,82.9,91.7
116,AUT,2019,82.9,92.0
117,AUT,2020,81.6,91.6
118,AUT,2021,80.7,92.0
119,AUT,2022,82.0,92.6
120,AZE,2006,33.1,70.1
121,AZE,2008,31.9,72.3
122,AZE,2010,31.5,73.3
123,AZE,2011,31.5,73.5
124,AZE,2012,31.5,73.9
125,AZE,2013,30.6,74.5
126,AZE,2014,28.3,74.9
127,AZE,2015,27.1,75.1
128,AZE,2016,26.5,75.2
129,AZE,2017,26.5,75.4
130,AZE,2018,26.5,75.7
131,AZE,2019,27.5,76.2
132,AZE,2020,26.8,72.2
133,AZE,2021,26.8,73.8
134,AZE,2022,28.7,76.0
135,BDI,2006,45.1,36.5
136,BDI,2008,45.1,39.0
137,BDI,2010,40.1,40.4
138,BDI,2011,40.1,40.8
139,BDI,2012,36.0,41.2
140,BDI,2013,34.1,41.6
141,BDI,2014,33.3,41.9
142,BDI,2015,24.9,42.0
143,BDI,2016,24.0,42.3
144,BDI,2017,23.3,42.2
145,BDI,2018,23.3,42.1
146,BDI,2019,21.5,42.3
147,BDI,2020,21.4,41.9
148,BDI,2021,21.3,41.9
149,BDI,2022,21.3,42.0
150,BEL,2006,81.5,90.4
151,BEL,2008,81.6,90.9
152,BEL,2010,80.5,91.3
153,BEL,2011,80.5,91.4
154,BEL,2012,80.5,91.5
155,BEL,2013,80.5,91.7
156,BEL,2014,79.3,92.2
157,BEL,2015,79.3,92.4
158,BEL,2016,77.7,92.7
159,BEL,2017,77.8,93.1
160,BEL,2018,77.8,93.3
161,BEL,2019,76.4,93.6
162,BEL,2020,75.1,93.0
163,BEL,2021,75.1,93.8
164,BEL,2022,76.4,94.2
165,BEN,2006,61.6,45.6
166,BEN,2008,60.6,47.0
167,BEN,2010,61.7,48.1
168,BEN,2011,60.6,48.6
169,BEN,2012,60.0,49.4
170,BEN,2013,58.7,50.3
171,BEN,2014,56.5,50.6
172,BEN,2015,57.2,50.9
173,BEN,2016,56.7,50.8
174,BEN,2017,56.1,50.5
175,BEN,2018,57.4,50.6
176,BEN,2019,50.9,50.6
177,BEN,2020,45.8,50.1
178,BEN,2021,41.9,50.2
179,BEN,2022,42.8,50.4
180,BFA,2006,37.2,33.5
181,BFA,2008,36.0,35.2
182,BFA,2010,35.9,37.2
183,BFA,2011,35.9,38.3
184,BFA,2012,35.2,39.3
185,BFA,2013,41.5,39.9
186,BFA,2014,40.9,40.3
187,BFA,2015,47.0,41.3
188,BFA,2016,47.0,42.2
189,BFA,2017,47.5,43.2
190,BFA,2018,47.5,44.3
191,BFA,2019,40.4,44.6
192,BFA,2020,37.3,44.6
193,BFA,2021,38.4,44.5
194,BFA,2022,30.8,43.8
195,BGD,2006,61.1,53.0
196,BGD,2008,55.2,53.5
197,BGD,2010,58.7,55.8
198,BGD,2011,58.6,56.5
199,BGD,2012,58.6,57.5
200,BGD,2013,58.6,57.7
201,BGD,2014,57.8,58.5
202,BGD,2015,57.3,60.4
203,BGD,2016,57.3,61.3
204,BGD,2017,54.3,62.2
205,BGD,2018,55.7,63.6
206,BGD,2019,58.8,64.6
207,BGD,2020,59.9,65.7
208,BGD,2021,59.9,66.2
209,BGD,2022,59.9,67.0
210,BGR,2006,71.0,77.0
211,BGR,2008,70.2,78.2
212,BGR,2010,68.4,79.0
213,BGR,2011,67.8,79.4
214,BGR,2012,67.2,79.8
215,BGR,2013,68.3,80.4
216,BGR,2014,67.3,80.7
217,BGR,2015,71.4,80.9
218,BGR,2016,70.1,81.0
219,BGR,2017,70.3,81.0
220,BGR,2018,70.3,81.1
221,BGR,2019,70.3,81.3
222,BGR,2020,67.1,80.2
223,BGR,2021,66.4,79.6
224,BGR,2022,65.3,79.9
225,BHR,2006,35.3,79.4
226,BHR,2008,33.8,80.3
227,BHR,2010,34.9,80.7
228,BHR,2011,29.2,81.2
229,BHR,2012,25.3,82.7
230,BHR,2013,28.7,83.9
231,BHR,2014,28.7,83.9
232,BHR,2015,27.9,85.9
233,BHR,2016,27.9,86.2
234,BHR,2017,27.1,86.7
235,BHR,2018,27.1,88.0
236,BHR,2019,25.5,88.8
237,BHR,2020,24.9,88.4
238,BHR,2021,25.2,88.4
239,BHR,2022,25.2,88.8
240,BIH,2006,57.8,68.7
241,BIH,2008,57.0,71.4
242,BIH,2010,53.2,71.8
243,BIH,2011,52.4,72.3
244,BIH,2012,51.1,73.5
245,BIH,2013,50.2,74.5
246,BIH,2014,47.8,75.1
247,BIH,2015,48.3,75.7
248,BIH,2016,48.7,76.7
249,BIH,2017,48.7,77.0
250,BIH,2018,49.8,77.4
251,BIH,2019,48.6,78.0
252,BIH,2020,48.4,77.6
253,BIH,2021,50.4,77.6
254,BIH,2022,50.0,77.9
255,BLR,2006,33.4,76.1
256,BLR,2008,33.4,78.2
257,BLR,2010,33.4,79.0
258,BLR,2011,31.6,79.8
259,BLR,2012,30.4,80.5
260,BLR,2013,30.4,80.6
261,BLR,2014,36.9,81.0
262,BLR,2015,36.2,80.9
263,BLR,2016,35.4,80.9
264,BLR,2017,31.3,81.1
265,BLR,2018,31.3,81.2
266,BLR,2019,24.8,81.0
267,BLR,2020,25.9,80.0
268,BLR,2021,24.1,80.1
269,BLR,2022,19.9,80.1
270,BOL,2006,59.8,63.7
271,BOL,2008,61.5,65.1
272,BOL,2010,59.2,66.1
273,BOL,2011,58.4,66.7
274,BOL,2012,58.4,67.3
275,BOL,2013,57.9,68.1
276,BOL,2014,57.9,68.3
277,BOL,2015,57.5,68.8
278,BOL,2016,56.3,70.0
279,BOL,2017,54.9,70.7
280,BOL,2018,57.0,71.2
281,BOL,2019,48.4,71.5
282,BOL,2020,50.8,69.1
283,BOL,2021,46.5,69.1
284,BOL,2022,45.1,69.8
285,BRA,2006,73.8,70.1
286,BRA,2008,73.8,71.4
287,BRA,2010,71.2,72.2
288,BRA,2011,71.2,72.7
289,BRA,2012,71.2,73.2
290,BRA,2013,71.2,75.0
291,BRA,2014,73.8,75.3
292,BRA,2015,69.6,75.2
293,BRA,2016,69.0,75.3
294,BRA,2017,68.6,75.8
295,BRA,2018,69.7,76.2
296,BRA,2019,68.6,76.4
297,BRA,2020,69.2,75.8
298,BRA,2021,68.6,75.6
299,BRA,2022,67.8,76.0
300,BTN,2010,46.8,58.2
301,BTN,2011,45.7,59.1
302,BTN,2012,46.5,59.7
303,BTN,2013,48.2,60.4
304,BTN,2014,48.7,61.5
305,BTN,2015,49.3,62.5
306,BTN,2016,49.3,63.5
307,BTN,2017,50.8,64.4
308,BTN,2018,53.0,65.5
309,BTN,2019,53.0,66.8
310,BTN,2020,57.1,67.5
311,BTN,2021,57.1,67.7
312,BTN,2022,55.4,68.1
313,BWA,2006,76.0,61.5
314,BWA,2008,74.7,63.7
315,BWA,2010,76.3,65.2
316,BWA,2011,76.3,66.0
317,BWA,2012,78.5,66.4
318,BWA,2013,79.8,67.6
319,BWA,2014,78.7,68.3
320,BWA,2015,78.7,68.8
321,BWA,2016,78.7,69.7
322,BWA,2017,78.1,70.5
323,BWA,2018,78.1,70.0
324,BWA,2019,78.1,70.3
325,BWA,2020,76.2,70.1
326,BWA,2021,77.3,68.0
327,BWA,2022,77.3,70.8
328,CAF,2006,16.1,33.3
329,CAF,2008,18.6,34.5
330,CAF,2010,18.2,35.7
331,CAF,2011,18.2,36.5
332,CAF,2012,19.9,37.2
333,CAF,2013,14.9,35.2
334,CAF,2014,14.9,35.4
335,CAF,2015,15.7,36.7
336,CAF,2016,16.1,37.3
337,CAF,2017,15.2,37.9
338,CAF,2018,15.2,38.6
339,CAF,2019,13.2,39.1
340,CAF,2020,13.2,38.9
341,CAF,2021,14.3,38.7
342,CAF,2022,13.5,38.7
343,CAN,2006,90.7,90.7
344,CAN,2008,90.7,90.9
345,CAN,2010,90.8,91.1
346,CAN,2011,90.8,91.4
347,CAN,2012,90.8,92.1
348,CAN,2013,90.8,92.3
349,CAN,2014,90.8,92.5
350,CAN,2015,90.8,92.7
351,CAN,2016,91.5,92.8
352,CAN,2017,91.5,92.9
353,CAN,2018,91.5,93.0
354,CAN,2019,92.2,93.2
355,CAN,2020,92.4,92.8
356,CAN,2021,88.7,93.4
357,CAN,2022,88.8,93.5
358,CHE,2006,90.2,91.3
359,CHE,2008,91.5,92.6
360,CHE,2010,90.9,94.0
361,CHE,2011,90.9,94.0
362,CHE,2012,90.9,94.3
363,CHE,2013,90.9,94.7
364,CHE,2014,90.9,95.1
365,CHE,2015,90.9,95.2
366,CHE,2016,90.9,95.4
367,CHE,2017,90.3,95.5
368,CHE,2018,90.3,95.7
369,CHE,2019,90.3,96.0
370,CHE,2020,88.3,95.7
371,CHE,2021,89.0,96.5
372,CHE,2022,91.4,96.7
373,CHL,2006,78.9,79.6
374,CHL,2008,78.9,81.2
375,CHL,2010,76.7,81.3
376,CHL,2011,75.4,81.6
377,CHL,2012,75.4,82.4
378,CHL,2013,78.0,83.7
379,CHL,2014,78.0,84.1
380,CHL,2015,78.4,84.6
381,CHL,2016,77.8,85.1
382,CHL,2017,78.4,85.4
383,CHL,2018,79.7,85.6
384,CHL,2019,80.8,85.9
385,CHL,2020,82.8,84.9
386,CHL,2021,79.2,85.6
387,CHL,2022,82.2,86.0
388,CHN,2006,29.7,65.6
389,CHN,2008,30.4,67.8
390,CHN,2010,31.4,69.8
391,CHN,2011,31.4,70.6
392,CHN,2012,30.0,71.5
393,CHN,2013,30.0,72.3
394,CHN,2014,30.0,73.2
395,CHN,2015,31.4,74.1
396,CHN,2016,31.4,74.9
397,CHN,2017,31.0,75.7
398,CHN,2018,33.2,76.6
399,CHN,2019,22.6,77.5
400,CHN,2020,22.7,78.1
401,CHN,2021,22.1,78.5
402,CHN,2022,19.4,78.8
403,CIV,2006,33.8,45.5
404,CIV,2008,32.7,46.1
405,CIV,2010,30.2,47.0
406,CIV,2011,30.8,46.8
407,CIV,2012,32.5,47.4
408,CIV,2013,32.5,48.0
409,CIV,2014,35.3,49.9
410,CIV,2015,33.1,50.1
411,CIV,2016,38.1,50.6
412,CIV,2017,39.3,51.5
413,CIV,2018,41.5,52.2
414,CIV,2019,40.5,52.9
415,CIV,2020,41.1,53.0
416,CIV,2021,42.2,53.0
417,CIV,2022,42.2,53.4
418,CMR,2006,32.7,46.0
419,CMR,2008,34.6,48.7
420,CMR,2010,34.1,51.5
421,CMR,2011,34.1,52.4
422,CMR,2012,34.4,53.5
423,CMR,2013,34.1,54.4
424,CMR,2014,34.1,55.3
425,CMR,2015,36.6,56.2
426,CMR,2016,34.6,56.6
427,CMR,2017,36.1,57.4
428,CMR,2018,32.8,58.1
429,CMR,2019,28.5,58.6
430,CMR,2020,27.7,58.5
431,CMR,2021,25.6,58.1
432,CMR,2022,25.6,58.7
433,COD,2006,27.6,39.7
434,COD,2008,22.8,41.0
435,COD,2010,21.5,42.4
436,COD,2011,21.5,43.2
437,COD,2012,19.2,43.4
438,COD,2013,18.3,44.0
439,COD,2014,17.5,45.0
440,COD,2015,21.1,45.7
441,COD,2016,19.3,46.6
442,COD,2017,16.1,46.9
443,COD,2018,14.9,47.4
444,COD,2019,11.3,47.6
445,COD,2020,11.3,47.7
446,COD,2021,14.0,47.5
447,COD,2022,14.8,48.1
448,COG,2006,31.9,55.2
449,COG,2008,29.4,56.1
450,COG,2010,28.9,58.1
451,COG,2011,28.9,58.4
452,COG,2012,28.9,59.5
453,COG,2013,28.9,60.0
454,COG,2014,28.9,60.9
455,COG,2015,29.1,61.0
456,COG,2016,29.1,60.6
457,COG,2017,32.5,60.0
458,COG,2018,33.1,60.3
459,COG,2019,31.1,59.6
460,COG,2020,31.1,59.8
461,COG,2021,27.9,59.8
462,COG,2022,27.9,59.3
463,COL,2006,64.0,70.3
464,COL,2008,65.4,72.2
465,COL,2010,65.5,73.2
466,COL,2011,66.3,73.8
467,COL,2012,66.3,73.9
468,COL,2013,65.5,75.0
469,COL,2014,65.5,75.5
470,COL,2015,66.2,75.8
471,COL,2016,66.7,76.3
472,COL,2017,66.7,76.5
473,COL,2018,69.6,76.6
474,COL,2019,71.3,76.8
475,COL,2020,70.4,75.6
476,COL,2021,64.8,75.2
477,COL,2022,67.2,75.8
478,COM,2006,39.0,49.7
479,COM,2008,35.8,51.0
480,COM,2010,34.1,52.4
481,COM,2011,35.2,53.2
482,COM,2012,35.2,53.8
483,COM,2013,35.2,54.6
484,COM,2014,35.2,55.1
485,COM,2015,37.1,55.6
486,COM,2016,37.1,56.3
487,COM,2017,37.1,57.1
488,COM,2018,37.1,57.8
489,COM,2019,31.5,58.4
490,COM,2020,30.9,58.8
491,COM,2021,32.0,58.5
492,COM,2022,32.0,58.6
493,CPV,2006,74.3,63.3
494,CPV,2008,78.1,64.3
495,CPV,2010,79.4,64.9
496,CPV,2011,79.2,65.7
497,CPV,2012,79.2,65.7
498,CPV,2013,79.2,66.4
499,CPV,2014,78.1,66.3
500,CPV,2015,78.1,65.8
501,CPV,2016,79.4,66.4
502,CPV,2017,78.8,66.8
503,CPV,2018,78.8,66.4
504,CPV,2019,77.8,66.7
505,CPV,2020,76.5,64.9
506,CPV,2021,76.5,65.0
507,CPV,2022,76.5,66.1
508,CRI,2006,80.4,74.5
509,CRI,2008,80.4,76.2
510,CRI,2010,80.4,76.9
511,CRI,2011,81.0,77.8
512,CRI,2012,81.0,78.2
513,CRI,2013,80.3,78.7
514,CRI,2014,80.3,79.0
515,CRI,2015,79.6,79.2
516,CRI,2016,78.8,79.6
517,CRI,2017,78.8,80.0
518,CRI,2018,80.7,80.4
519,CRI,2019,81.3,81.1
520,CRI,2020,81.6,81.1
521,CRI,2021,80.7,80.4
522,CRI,2022,82.9,80.6
523,CUB,2006,35.2,76.1
524,CUB,2008,35.2,78.4
525,CUB,2010,35.2,77.9
526,CUB,2011,35.2,77.6
527,CUB,2012,35.2,77.1
528,CUB,2013,35.2,76.6
529,CUB,2014,35.2,76.6
530,CUB,2015,35.2,76.5
531,CUB,2016,34.6,76.3
532,CUB,2017,33.1,76.4
533,CUB,2018,30.0,76.5
534,CUB,2019,28.4,76.6
535,CUB,2020,28.4,75.9
536,CUB,2021,25.9,74.2
537,CUB,2022,26.5,76.4
538,CYP,2006,76.0,83.9
539,CYP,2008,77.0,85.3
540,CYP,2010,72.9,85.9
541,CYP,2011,72.9,86.3
542,CYP,2012,72.9,86.2
543,CYP,2013,72.9,86.3
544,CYP,2014,74.0,86.7
545,CYP,2015,75.3,87.4
546,CYP,2016,76.5,88.1
547,CYP,2017,75.9,89.1
548,CYP,2018,75.9,89.6
549,CYP,2019,75.9,90.1
550,CYP,2020,75.6,90.0
551,CYP,2021,74.3,90.1
552,CYP,2022,73.8,90.7
553,CZE,2006,81.7,85.6
554,CZE,2008,81.9,86.5
555,CZE,2010,81.9,87.2
556,CZE,2011,81.9,87.6
557,CZE,2012,81.9,87.8
558,CZE,2013,80.6,88.4
559,CZE,2014,79.4,88.9
560,CZE,2015,79.4,89.1
561,CZE,2016,78.2,89.4
562,CZE,2017,76.2,89.6
563,CZE,2018,76.9,89.3
564,CZE,2019,76.9,89.6
565,CZE,2020,76.7,89.1
566,CZE,2021,77.4,89.1
567,CZE,2022,79.7,89.5
568,DEU,2006,88.2,92.0
569,DEU,2008,88.2,92.6
570,DEU,2010,83.8,92.9
571,DEU,2011,83.4,93.5
572,DEU,2012,83.4,93.7
573,DEU,2013,83.1,93.8
574,DEU,2014,86.4,94.2
575,DEU,2015,86.4,94.1
576,DEU,2016,86.3,94.1
577,DEU,2017,86.1,94.4
578,DEU,2018,86.8,94.6
579,DEU,2019,86.8,95.1
580,DEU,2020,86.7,94.8
581,DEU,2021,86.7,94.8
582,DEU,2022,88.0,95.0
583,DJI,2006,23.7,38.4
584,DJI,2008,23.7,40.1
585,DJI,2010,22.0,42.2
586,DJI,2011,26.8,43.2
587,DJI,2012,27.4,44.4
588,DJI,2013,29.6,45.3
589,DJI,2014,29.9,46.3
590,DJI,2015,29.0,47.3
591,DJI,2016,28.3,48.2
592,DJI,2017,27.6,49.1
593,DJI,2018,28.7,49.9
594,DJI,2019,27.7,50.8
595,DJI,2020,27.1,51.2
596,DJI,2021,27.4,51.2
597,DJI,2022,27.4,51.5
598,DNK,2006,95.2,91.1
599,DNK,2008,95.2,91.5
600,DNK,2010,95.2,91.3
601,DNK,2011,95.2,92.7
602,DNK,2012,95.2,93.1
603,DNK,2013,93.8,93.3
604,DNK,2014,91.1,93.2
605,DNK,2015,91.1,93.6
606,DNK,2016,92.0,94.3
607,DNK,2017,92.2,94.4
608,DNK,2018,92.2,94.2
609,DNK,2019,92.2,94.6
610,DNK,2020,91.5,94.6
611,DNK,2021,90.9,94.7
612,DNK,2022,92.8,95.2
613,DOM,2006,61.3,68.4
614,DOM,2008,62.0,69.7
615,DOM,2010,62.0,70.7
616,DOM,2011,62.0,71.2
617,DOM,2012,64.9,71.8
618,DOM,2013,67.4,72.2
619,DOM,2014,66.7,72.8
620,DOM,2015,66.7,73.9
621,DOM,2016,66.7,75.9
622,DOM,2017,66.6,76.1
623,DOM,2018,65.4,76.3
624,DOM,2019,65.4,76.5
625,DOM,2020,63.2,76.0
626,DOM,2021,64.5,75.6
627,DOM,2022,63.9,76.6
628,DZA,2006,31.7,69.6
629,DZA,2008,33.2,70.9
630,DZA,2010,34.4,72.1
631,DZA,2011,34.4,72.5
632,DZA,2012,38.3,72.6
633,DZA,2013,38.3,72.9
634,DZA,2014,38.3,73.2
635,DZA,2015,39.5,73.6
636,DZA,2016,35.6,73.8
637,DZA,2017,35.6,73.8
638,DZA,2018,35.0,74.0
639,DZA,2019,40.1,74.2
640,DZA,2020,37.7,73.0
641,DZA,2021,37.7,74.0
642,DZA,2022,36.6,74.5
643,ECU,2006,56.4,71.9
644,ECU,2008,56.4,72.8
645,ECU,2010,57.7,73.6
646,ECU,2011,57.2,74.3
647,ECU,2012,57.8,75.0
648,ECU,2013,58.7,75.5
649,ECU,2014,58.7,75.9
650,ECU,2015,58.7,76.4
651,ECU,2016,58.1,76.1
652,ECU,2017,60.2,76.2
653,ECU,2018,62.7,76.1
654,ECU,2019,63.3,75.8
655,ECU,2020,61.3,73.4
656,ECU,2021,57.1,74.6
657,ECU,2022,56.9,76.5
658,EGY,2006,39.0,64.2
659,EGY,2008,38.9,65.6
660,EGY,2010,30.7,66.7
661,EGY,2011,39.5,67.1
662,EGY,2012,45.6,67.9
663,EGY,2013,32.7,68.4
664,EGY,2014,31.6,68.8
665,EGY,2015,31.8,69.5
666,EGY,2016,33.1,70.2
667,EGY,2017,33.6,70.9
668,EGY,2018,33.6,71.7
669,EGY,2019,30.6,72.4
670,EGY,2020,29.3,72.9
671,EGY,2021,29.3,72.6
672,EGY,2022,29.3,72.8
673,ERI,2006,23.1,46.6
674,ERI,2008,23.1,45.0
675,ERI,2010,23.1,45.8
676,ERI,2011,23.4,47.3
677,ERI,2012,24.0,47.6
678,ERI,2013,24.0,47.2
679,ERI,2014,24.4,49.0
680,ERI,2015,23.7,47.3
681,ERI,2016,23.7,47.7
682,ERI,2017,23.7,47.2
683,ERI,2018,23.7,48.2
684,ERI,2019,23.7,48.7
685,ERI,2020,21.5,49.0
686,ERI,2021,20.3,49.0
687,ERI,2022,20.3,49.3
688,ESP,2006,83.4,85.6
689,ESP,2008,84.5,85.8
690,ESP,2010,81.6,86.8
691,ESP,2011,80.2,87.3
692,ESP,2012,80.2,87.5
693,ESP,2013,80.2,88.0
694,ESP,2014,80.5,88.4
695,ESP,2015,83.0,88.9
696,ESP,2016,83.0,89.4
697,ESP,2017,80.8,89.6
698,ESP,2018,80.8,89.9
699,ESP,2019,82.9,90.4
700,ESP,2020,81.2,89.4
701,ESP,2021,79.4,90.4
702,ESP,2022,80.7,91.1
703,EST,2006,77.4,85.6
704,EST,2008,76.8,86.1
705,EST,2010,76.8,86.4
706,EST,2011,76.1,87.3
707,EST,2012,76.1,87.6
708,EST,2013,76.1,88.1
709,EST,2014,77.4,87.9
710,EST,2015,78.5,88.3
711,EST,2016,78.5,88.4
712,EST,2017,77.9,88.6
713,EST,2018,79.7,89.0
714,EST,2019,79.0,89.3
715,EST,2020,78.4,89.1
716,EST,2021,78.4,89.0
717,EST,2022,79.6,89.9
718,ETH,2006,47.2,35.9
719,ETH,2008,45.2,39.1
720,ETH,2010,36.8,40.9
721,ETH,2011,37.9,41.9
722,ETH,2012,37.2,42.6
723,ETH,2013,38.3,43.7
724,ETH,2014,37.2,44.5
725,ETH,2015,38.3,45.5
726,ETH,2016,36.0,46.5
727,ETH,2017,34.2,47.2
728,ETH,2018,33.5,47.9
729,ETH,2019,34.4,48.5
730,ETH,2020,33.8,48.9
731,ETH,2021,33.0,48.9
732,ETH,2022,31.7,49.2
733,FIN,2006,92.5,90.9
734,FIN,2008,92.5,91.3
735,FIN,2010,91.9,91.2
736,FIN,2011,90.6,91.6
737,FIN,2012,90.6,91.6
738,FIN,2013,90.3,92.6
739,FIN,2014,90.3,92.8
740,FIN,2015,90.3,93.0
741,FIN,2016,90.3,93.1
742,FIN,2017,90.3,93.4
743,FIN,2018,91.4,93.6
744,FIN,2019,92.5,93.9
745,FIN,2020,92.0,93.9
746,FIN,2021,92.7,94.1
747,FIN,2022,92.9,94.2
748,FJI,2006,56.6,68.7
749,FJI,2008,51.1,69.3
750,FJI,2010,36.2,69.9
751,FJI,2011,36.7,70.4
752,FJI,2012,36.7,70.7
753,FJI,2013,36.1,71.2
754,FJI,2014,56.1,71.5
755,FJI,2015,56.9,71.6
756,FJI,2016,56.4,72.1
757,FJI,2017,58.5,72.8
758,FJI,2018,58.5,73.1
759,FJI,2019,58.5,73.0
760,FJI,2020,57.2,72.2
761,FJI,2021,56.1,71.5
762,FJI,2022,55.5,72.9
763,FRA,2006,80.7,87.3
764,FRA,2008,80.7,87.7
765,FRA,2010,77.7,88.0
766,FRA,2011,77.7,88.4
767,FRA,2012,78.8,88.5
768,FRA,2013,79.2,88.8
769,FRA,2014,80.4,89.2
770,FRA,2015,79.2,89.3
771,FRA,2016,79.2,89.6
772,FRA,2017,78.0,89.9
773,FRA,2018,78.0,90.3
774,FRA,2019,81.2,90.5
775,FRA,2020,79.9,90.0
776,FRA,2021,79.9,90.6
777,FRA,2022,80.7,91.0
778,GAB,2006,27.2,64.3
779,GAB,2008,30.0,64.7
780,GAB,2010,32.9,65.6
781,GAB,2011,34.8,66.1
782,GAB,2012,35.6,67.1
783,GAB,2013,37.6,67.8
784,GAB,2014,37.6,68.7
785,GAB,2015,37.6,69.2
786,GAB,2016,37.4,69.6
787,GAB,2017,36.1,69.9
788,GAB,2018,36.1,69.9
789,GAB,2019,36.1,70.2
790,GAB,2020,35.4,70.4
791,GAB,2021,34.0,68.7
792,GAB,2022,34.0,69.3
793,GBR,2006,80.8,89.4
794,GBR,2008,81.5,90.2
795,GBR,2010,81.6,91.3
796,GBR,2011,81.6,90.9
797,GBR,2012,82.1,91.0
798,GBR,2013,83.1,92.3
799,GBR,2014,83.1,92.4
800,GBR,2015,83.1,92.3
801,GBR,2016,83.6,92.6
802,GBR,2017,85.3,92.9
803,GBR,2018,85.3,92.8
804,GBR,2019,85.2,93.3
805,GBR,2020,85.4,92.0
806,GBR,2021,81.0,93.1
807,GBR,2022,82.8,94.0
808,GEO,2006,49.0,74.4
809,GEO,2008,46.2,75.1
810,GEO,2010,45.9,76.3
811,GEO,2011,47.4,77.1
812,GEO,2012,55.3,77.9
813,GEO,2013,59.5,78.4
814,GEO,2014,58.2,79.3
815,GEO,2015,58.8,79.8
816,GEO,2016,59.3,80.2
817,GEO,2017,59.3,80.7
818,GEO,2018,55.0,81.6
819,GEO,2019,54.2,81.6
820,GEO,2020,53.1,80.7
821,GEO,2021,51.2,80.9
822,GEO,2022,52.0,81.4
823,GHA,2006,53.5,53.7
824,GHA,2008,53.5,55.8
825,GHA,2010,60.2,57.1
826,GHA,2011,60.2,57.9
827,GHA,2012,60.2,58.3
828,GHA,2013,63.3,58.7
829,GHA,2014,63.3,58.2
830,GHA,2015,68.6,58.6
831,GHA,2016,67.5,58.6
832,GHA,2017,66.9,58.5
833,GHA,2018,66.3,58.9
834,GHA,2019,66.3,59.9
835,GHA,2020,65.0,60.1
836,GHA,2021,65.0,60.0
837,GHA,2022,64.3,60.2
838,GIN,2006,20.2,39.4
839,GIN,2008,20.9,40.8
840,GIN,2010,27.9,41.5
841,GIN,2011,27.9,42.1
842,GIN,2012,27.9,42.5
843,GIN,2013,28.4,43.0
844,GIN,2014,30.1,43.6
845,GIN,2015,31.4,44.9
846,GIN,2016,31.4,46.6
847,GIN,2017,31.4,46.7
848,GIN,2018,31.4,46.4
849,GIN,2019,31.4,47.0
850,GIN,2020,30.8,47.1
851,GIN,2021,22.8,46.7
852,GIN,2022,23.2,47.1
853,GMB,2006,43.9,42.7
854,GMB,2008,41.9,44.2
855,GMB,2010,33.8,44.9
856,GMB,2011,33.8,45.0
857,GMB,2012,33.1,45.7
858,GMB,2013,33.1,46.1
859,GMB,2014,30.5,46.2
860,GMB,2015,29.7,46.7
861,GMB,2016,29.1,47.2
862,GMB,2017,40.6,47.7
863,GMB,2018,43.1,48.3
864,GMB,2019,43.3,49.2
865,GMB,2020,44.9,49.2
866,GMB,2021,44.1,49.0
867,GMB,2022,44.7,49.5
868,GNB,2006,20.0,41.4
869,GNB,2008,19.9,42.6
870,GNB,2010,19.9,44.1
871,GNB,2011,19.9,45.0
872,GNB,2012,14.3,45.4
873,GNB,2013,12.6,45.8
874,GNB,2014,19.3,46.5
875,GNB,2015,19.3,47.0
876,GNB,2016,19.8,47.6
877,GNB,2017,19.8,47.9
878,GNB,2018,19.8,48.0
879,GNB,2019,26.3,48.8
880,GNB,2020,26.3,48.2
881,GNB,2021,27.5,48.2
882,GNB,2022,25.6,48.3
883,GNQ,2006,20.9,58.7
884,GNQ,2008,21.9,60.6
885,GNQ,2010,18.4,60.9
886,GNQ,2011,17.7,61.8
887,GNQ,2012,18.3,62.8
888,GNQ,2013,17.7,63.3
889,GNQ,2014,16.6,63.9
890,GNQ,2015,17.7,64.8
891,GNQ,2016,17.0,65.0
892,GNQ,2017,18.1,65.0
893,GNQ,2018,19.2,65.2
894,GNQ,2019,19.2,65.3
895,GNQ,2020,19.2,65.0
896,GNQ,2021,19.2,64.7
897,GNQ,2022,19.2,65.0
898,GRC,2006,81.3,87.2
899,GRC,2008,81.3,87.1
900,GRC,2010,79.2,87.4
901,GRC,2011,76.5,87.1
902,GRC,2012,76.5,87.0
903,GRC,2013,76.5,87.4
904,GRC,2014,74.5,87.9
905,GRC,2015,74.5,88.1
906,GRC,2016,72.3,87.7
907,GRC,2017,72.9,88.0
908,GRC,2018,72.9,88.6
909,GRC,2019,74.3,89.0
910,GRC,2020,73.9,88.7
911,GRC,2021,75.6,88.7
912,GRC,2022,79.7,89.3
913,GTM,2006,60.7,58.0
914,GTM,2008,60.7,59.9
915,GTM,2010,60.5,61.3
916,GTM,2011,58.8,61.7
917,GTM,2012,58.8,62.0
918,GTM,2013,58.1,62.3
919,GTM,2014,58.1,64.0
920,GTM,2015,59.2,62.9
921,GTM,2016,59.2,63.3
922,GTM,2017,58.6,63.6
923,GTM,2018,56.0,64.0
924,GTM,2019,52.6,64.5
925,GTM,2020,49.7,63.8
926,GTM,2021,46.2,63.0
927,GTM,2022,46.8,62.9
928,GUY,2006,61.5,62.4
929,GUY,2008,61.2,63.6
930,GUY,2010,60.5,65.0
931,GUY,2011,60.5,66.3
932,GUY,2012,60.5,66.9
933,GUY,2013,60.5,67.4
934,GUY,2014,59.1,68.2
935,GUY,2015,60.5,68.6
936,GUY,2016,62.5,69.3
937,GUY,2017,64.6,69.9
938,GUY,2018,66.7,70.4
939,GUY,2019,61.5,71.1
940,GUY,2020,60.1,72.7
941,GUY,2021,62.5,72.1
942,GUY,2022,63.4,74.2
943,HKG,2006,60.3,87.8
944,HKG,2008,58.5,90.8
945,HKG,2010,59.2,91.4
946,HKG,2011,59.2,92.1
947,HKG,2012,64.2,92.5
948,HKG,2013,64.2,92.8
949,HKG,2014,64.6,93.2
950,HKG,2015,65.0,93.6
951,HKG,2016,64.2,93.9
952,HKG,2017,63.1,94.6
953,HKG,2018,61.5,94.9
954,HKG,2019,60.2,95.3
955,HKG,2020,55.7,95.5
956,HKG,2021,56.0,95.9
957,HKG,2022,52.8,95.6
958,HND,2006,62.5,57.9
959,HND,2008,61.8,58.9
960,HND,2010,57.6,59.6
961,HND,2011,58.4,59.8
962,HND,2012,58.4,59.6
963,HND,2013,58.4,60.2
964,HND,2014,58.4,60.3
965,HND,2015,58.4,61.0
966,HND,2016,59.2,61.5
967,HND,2017,57.2,61.4
968,HND,2018,56.3,61.4
969,HND,2019,54.2,62.9
970,HND,2020,53.6,62.1
971,HND,2021,51.0,62.0
972,HND,2022,51.5,62.4
973,HRV,2006,70.4,81.4
974,HRV,2008,70.4,82.1
975,HRV,2010,68.1,82.4
976,HRV,2011,67.3,82.9
977,HRV,2012,69.3,83.2
978,HRV,2013,69.3,83.9
979,HRV,2014,69.3,84.2
980,HRV,2015,69.3,84.4
981,HRV,2016,67.5,85.0
982,HRV,2017,66.3,85.5
983,HRV,2018,65.7,86.0
984,HRV,2019,65.7,86.6
985,HRV,2020,65.0,86.0
986,HRV,2021,65.0,86.7
987,HRV,2022,65.0,87.8
988,HTI,2006,41.9,51.0
989,HTI,2008,41.9,52.0
990,HTI,2010,40.0,44.9
991,HTI,2011,40.0,52.9
992,HTI,2012,39.6,53.4
993,HTI,2013,39.4,54.0
994,HTI,2014,38.2,54.5
995,HTI,2015,39.4,54.9
996,HTI,2016,40.2,55.2
997,HTI,2017,40.3,55.7
998,HTI,2018,49.1,55.9
999,HTI,2019,45.7,55.9
1000,HTI,2020,42.2,55.7
1001,HTI,2021,34.8,55.1
1002,HTI,2022,28.1,55.2
1003,HUN,2006,75.3,81.5
1004,HUN,2008,74.4,82.4
1005,HUN,2010,72.1,82.9
1006,HUN,2011,70.4,83.3
1007,HUN,2012,69.6,83.3
1008,HUN,2013,69.6,84.3
1009,HUN,2014,69.0,84.0
1010,HUN,2015,68.4,83.9
1011,HUN,2016,67.2,84.3
1012,HUN,2017,66.4,84.6
1013,HUN,2018,66.3,85.0
1014,HUN,2019,66.3,85.4
1015,HUN,2020,65.6,84.9
1016,HUN,2021,65.0,84.6
1017,HUN,2022,66.4,85.1
1018,IDN,2006,64.1,64.3
1019,IDN,2008,63.4,64.9
1020,IDN,2010,65.3,66.7
1021,IDN,2011,65.3,67.4
1022,IDN,2012,67.6,68.2
1023,IDN,2013,68.2,68.7
1024,IDN,2014,69.5,69.0
1025,IDN,2015,70.3,69.8
1026,IDN,2016,69.7,70.1
1027,IDN,2017,63.9,70.8
1028,IDN,2018,63.9,71.2
1029,IDN,2019,64.8,71.8
1030,IDN,2020,63.0,71.2
1031,IDN,2021,67.1,70.7
1032,IDN,2022,67.1,71.3
1033,IND,2006,76.8,54.1
1034,IND,2008,78.0,55.7
1035,IND,2010,72.8,57.2
1036,IND,2011,73.0,58.6
1037,IND,2012,75.2,59.4
1038,IND,2013,76.9,60.0
1039,IND,2014,79.2,61.1
1040,IND,2015,77.4,61.9
1041,IND,2016,78.1,63.0
1042,IND,2017,72.3,63.6
1043,IND,2018,72.3,63.6
1044,IND,2019,69.0,63.8
1045,IND,2020,66.1,63.8
1046,IND,2021,69.1,63.3
1047,IND,2022,70.4,64.4
1048,IRL,2006,90.1,89.8
1049,IRL,2008,90.1,90.5
1050,IRL,2010,87.9,90.8
1051,IRL,2011,85.6,90.6
1052,IRL,2012,85.6,90.7
1053,IRL,2013,86.8,91.1
1054,IRL,2014,87.2,91.8
1055,IRL,2015,88.5,92.4
1056,IRL,2016,91.5,92.9
1057,IRL,2017,91.5,93.4
1058,IRL,2018,91.5,93.8
1059,IRL,2019,92.4,94.2
1060,IRL,2020,90.5,94.5
1061,IRL,2021,90.0,94.6
1062,IRL,2022,91.3,95.0
1063,IRN,2006,29.3,73.8
1064,IRN,2008,28.3,74.4
1065,IRN,2010,19.4,75.6
1066,IRN,2011,19.8,76.5
1067,IRN,2012,19.8,78.0
1068,IRN,2013,19.8,78.0
1069,IRN,2014,19.8,78.3
1070,IRN,2015,21.6,78.2
1071,IRN,2016,23.4,78.5
1072,IRN,2017,24.5,78.8
1073,IRN,2018,24.5,78.7
1074,IRN,2019,23.8,78.5
1075,IRN,2020,22.0,77.9
1076,IRN,2021,19.5,77.6
1077,IRN,2022,19.6,78.0
1078,IRQ,2006,40.1,59.1
1079,IRQ,2008,40.0,61.2
1080,IRQ,2010,40.0,62.9
1081,IRQ,2011,40.3,63.7
1082,IRQ,2012,41.0,64.4
1083,IRQ,2013,41.0,64.8
1084,IRQ,2014,42.3,65.1
1085,IRQ,2015,40.8,65.6
1086,IRQ,2016,40.8,66.1
1087,IRQ,2017,40.9,66.7
1088,IRQ,2018,40.6,67.3
1089,IRQ,2019,37.4,67.8
1090,IRQ,2020,36.2,66.1
1091,IRQ,2021,35.1,66.7
1092,IRQ,2022,31.3,67.3
1093,ISL,2006,97.1,92.8
1094,ISL,2008,96.5,92.7
1095,ISL,2010,96.5,92.7
1096,ISL,2011,96.5,93.3
1097,ISL,2012,96.5,93.8
1098,ISL,2013,96.5,94.2
1099,ISL,2014,95.8,94.6
1100,ISL,2015,95.8,94.8
1101,ISL,2016,95.0,95.1
1102,ISL,2017,95.8,95.5
1103,ISL,2018,95.8,95.8
1104,ISL,2019,95.8,95.8
1105,ISL,2020,93.7,95.5
1106,ISL,2021,91.8,95.7
1107,ISL,2022,95.2,95.9
1108,ISR,2006,72.8,86.4
1109,ISR,2008,74.8,87.7
1110,ISR,2010,74.8,88.7
1111,ISR,2011,75.3,89.0
1112,ISR,2012,75.3,89.1
1113,ISR,2013,75.3,89.6
1114,ISR,2014,76.3,89.9
1115,ISR,2015,77.7,89.9
1116,ISR,2016,78.5,90.2
1117,ISR,2017,77.9,90.6
1118,ISR,2018,77.9,90.8
1119,ISR,2019,78.6,90.9
1120,ISR,2020,78.4,90.6
1121,ISR,2021,79.7,91.1
1122,ISR,2022,79.3,91.5
1123,ITA,2006,77.3,87.4
1124,ITA,2008,79.8,87.8
1125,ITA,2010,78.3,88.0
1126,ITA,2011,77.4,88.3
1127,ITA,2012,77.4,88.1
1128,ITA,2013,78.5,88.0
1129,ITA,2014,78.5,88.2
1130,ITA,2015,79.8,88.1
1131,ITA,2016,79.8,88.6
1132,ITA,2017,79.8,88.9
1133,ITA,2018,77.1,89.4
1134,ITA,2019,75.2,89.9
1135,ITA,2020,77.4,89.2
1136,ITA,2021,76.8,89.9
1137,ITA,2022,76.9,90.6
1138,JAM,2006,73.4,69.5
1139,JAM,2008,72.1,71.2
1140,JAM,2010,72.1,71.1
1141,JAM,2011,71.3,71.5
1142,JAM,2012,73.9,71.6
1143,JAM,2013,73.9,71.5
1144,JAM,2014,73.9,71.4
1145,JAM,2015,73.9,71.2
1146,JAM,2016,73.9,71.0
1147,JAM,2017,72.9,71.1
1148,JAM,2018,70.2,71.1
1149,JAM,2019,69.6,71.2
1150,JAM,2020,71.3,70.7
1151,JAM,2021,71.3,70.4
1152,JAM,2022,71.3,70.6
1153,JOR,2006,39.2,71.9
1154,JOR,2008,39.3,72.6
1155,JOR,2010,37.4,72.7
1156,JOR,2011,38.9,73.0
1157,JOR,2012,37.6,73.6
1158,JOR,2013,37.6,73.8
1159,JOR,2014,37.6,73.7
1160,JOR,2015,38.6,73.8
1161,JOR,2016,39.6,74.0
1162,JOR,2017,38.7,74.4
1163,JOR,2018,39.3,74.2
1164,JOR,2019,39.3,74.4
1165,JOR,2020,36.2,74.0
1166,JOR,2021,34.9,73.6
1167,JOR,2022,31.7,73.6
1168,JPN,2006,81.5,89.8
1169,JPN,2008,82.5,90.1
1170,JPN,2010,80.8,90.3
1171,JPN,2011,80.8,90.2
1172,JPN,2012,80.8,90.6
1173,JPN,2013,80.8,90.9
1174,JPN,2014,80.8,91.0
1175,JPN,2015,79.6,91.3
1176,JPN,2016,79.9,91.4
1177,JPN,2017,78.8,91.6
1178,JPN,2018,79.9,91.7
1179,JPN,2019,79.9,91.8
1180,JPN,2020,81.3,91.7
1181,JPN,2021,81.5,92.0
1182,JPN,2022,83.3,92.0
1183,KAZ,2006,36.2,75.0
1184,KAZ,2008,34.5,75.7
1185,KAZ,2010,33.0,76.6
1186,KAZ,2011,32.4,77.4
1187,KAZ,2012,29.5,78.1
1188,KAZ,2013,30.6,78.9
1189,KAZ,2014,31.7,79.4
1190,KAZ,2015,30.6,79.9
1191,KAZ,2016,30.6,79.7
1192,KAZ,2017,30.6,80.2
1193,KAZ,2018,29.4,80.4
1194,KAZ,2019,29.4,81.0
1195,KAZ,2020,31.4,80.6
1196,KAZ,2021,30.8,80.1
1197,KAZ,2022,30.8,80.2
1198,KEN,2006,50.8,53.1
1199,KEN,2008,47.9,54.6
1200,KEN,2010,47.1,54.5
1201,KEN,2011,47.1,55.2
1202,KEN,2012,47.1,55.7
1203,KEN,2013,51.3,56.2
1204,KEN,2014,51.3,56.9
1205,KEN,2015,53.3,57.5
1206,KEN,2016,53.3,58.6
1207,KEN,2017,51.1,59.1
1208,KEN,2018,51.1,59.8
1209,KEN,2019,51.8,60.4
1210,KEN,2020,50.5,59.9
1211,KEN,2021,50.5,59.6
1212,KEN,2022,50.5,60.1
1213,KGZ,2006,40.8,64.6
1214,KGZ,2008,40.5,65.7
1215,KGZ,2010,43.1,66.1
1216,KGZ,2011,43.4,66.4
1217,KGZ,2012,46.9,67.3
1218,KGZ,2013,46.9,68.0
1219,KGZ,2014,52.4,68.6
1220,KGZ,2015,53.3,68.9
1221,KGZ,2016,49.3,69.2
1222,KGZ,2017,51.1,69.5
1223,KGZ,2018,51.1,69.8
1224,KGZ,2019,48.9,69.9
1225,KGZ,2020,42.1,69.1
1226,KGZ,2021,36.2,69.6
1227,KGZ,2022,36.2,70.1
1228,KHM,2006,47.7,52.2
1229,KHM,2008,48.7,53.6
1230,KHM,2010,48.7,54.2
1231,KHM,2011,48.7,54.6
1232,KHM,2012,49.6,55.1
1233,KHM,2013,46.0,55.4
1234,KHM,2014,47.8,55.9
1235,KHM,2015,42.7,56.4
1236,KHM,2016,42.7,57.3
1237,KHM,2017,36.3,58.1
1238,KHM,2018,35.9,58.8
1239,KHM,2019,35.3,59.6
1240,KHM,2020,31.0,59.6
1241,KHM,2021,29.0,59.6
1242,KHM,2022,31.8,60.0
1243,KOR,2006,78.8,86.6
1244,KOR,2008,80.1,87.4
1245,KOR,2010,81.1,89.0
1246,KOR,2011,80.6,89.5
1247,KOR,2012,81.3,89.7
1248,KOR,2013,80.6,90.2
1249,KOR,2014,80.6,90.6
1250,KOR,2015,79.7,90.8
1251,KOR,2016,79.2,91.2
1252,KOR,2017,80.0,91.5
1253,KOR,2018,80.0,91.8
1254,KOR,2019,80.0,92.2
1255,KOR,2020,80.1,92.2
1256,KOR,2021,81.6,92.6
1257,KOR,2022,80.3,92.9
1258,KWT,2006,30.9,80.0
1259,KWT,2008,33.9,80.6
1260,KWT,2010,38.8,81.1
1261,KWT,2011,37.4,81.7
1262,KWT,2012,37.8,82.1
1263,KWT,2013,37.8,81.3
1264,KWT,2014,37.8,81.6
1265,KWT,2015,38.5,82.9
1266,KWT,2016,38.5,83.2
1267,KWT,2017,38.5,83.5
1268,KWT,2018,38.5,83.6
1269,KWT,2019,39.3,83.8
1270,KWT,2020,38.0,82.6
1271,KWT,2021,39.1,83.6
1272,KWT,2022,38.3,84.7
1273,LAO,2006,21.0,51.7
1274,LAO,2008,21.0,53.9
1275,LAO,2010,21.0,55.7
1276,LAO,2011,21.0,56.9
1277,LAO,2012,23.2,57.8
1278,LAO,2013,22.1,58.7
1279,LAO,2014,22.1,59.7
1280,LAO,2015,22.1,60.4
1281,LAO,2016,23.7,61.0
1282,LAO,2017,23.7,61.2
1283,LAO,2018,23.7,61.3
1284,LAO,2019,21.4,61.7
1285,LAO,2020,17.7,61.6
1286,LAO,2021,17.7,61.5
1287,LAO,2022,17.7,62.0
1288,LBN,2006,58.2,71.1
1289,LBN,2008,56.2,73.3
1290,LBN,2010,58.2,74.9
1291,LBN,2011,53.2,75.5
1292,LBN,2012,50.5,75.7
1293,LBN,2013,50.5,75.6
1294,LBN,2014,51.2,75.5
1295,LBN,2015,48.6,75.6
1296,LBN,2016,48.6,76.0
1297,LBN,2017,47.2,76.5
1298,LBN,2018,46.3,76.4
1299,LBN,2019,43.6,76.0
1300,LBN,2020,41.6,74.2
1301,LBN,2021,38.4,72.5
1302,LBN,2022,36.4,72.3
1303,LBR,2006,52.2,44.3
1304,LBR,2008,52.5,45.3
1305,LBR,2010,50.7,46.0
1306,LBR,2011,50.7,46.4
1307,LBR,2012,49.5,46.9
1308,LBR,2013,49.5,47.4
1309,LBR,2014,49.5,47.2
1310,LBR,2015,49.5,47.2
1311,LBR,2016,53.1,47.8
1312,LBR,2017,52.3,48.1
1313,LBR,2018,53.5,48.4
1314,LBR,2019,54.5,48.5
1315,LBR,2020,53.2,48.3
1316,LBR,2021,54.3,48.4
1317,LBR,2022,54.3,48.7
1318,LBY,2006,18.4,76.8
1319,LBY,2008,20.0,77.3
1320,LBY,2010,19.4,77.4
1321,LBY,2011,35.5,73.4
1322,LBY,2012,51.5,77.7
1323,LBY,2013,48.2,76.6
1324,LBY,2014,38.0,75.0
1325,LBY,2015,22.5,74.9
1326,LBY,2016,22.5,74.6
1327,LBY,2017,23.2,76.1
1328,LBY,2018,21.9,76.4
1329,LBY,2019,20.2,75.6
1330,LBY,2020,19.5,73.7
1331,LBY,2021,19.5,74.6
1332,LBY,2022,20.6,74.6
1333,LKA,2006,65.8,71.3
1334,LKA,2008,66.1,71.9
1335,LKA,2010,66.4,73.5
1336,LKA,2011,65.8,74.1
1337,LKA,2012,57.5,74.7
1338,LKA,2013,56.9,75.2
1339,LKA,2014,56.9,75.7
1340,LKA,2015,64.2,76.0
1341,LKA,2016,64.8,76.5
1342,LKA,2017,64.8,77.0
1343,LKA,2018,61.9,77.4
1344,LKA,2019,62.7,77.5
1345,LKA,2020,61.4,77.7
1346,LKA,2021,61.4,78.3
1347,LKA,2022,64.7,78.0
1348,LSO,2006,64.8,44.4
1349,LSO,2008,62.9,45.3
1350,LSO,2010,60.2,47.0
1351,LSO,2011,63.3,47.8
1352,LSO,2012,66.6,48.9
1353,LSO,2013,66.6,49.4
1354,LSO,2014,66.6,50.0
1355,LSO,2015,65.9,50.8
1356,LSO,2016,65.9,51.8
1357,LSO,2017,66.4,52.2
1358,LSO,2018,66.4,52.5
1359,LSO,2019,65.4,52.8
1360,LSO,2020,63.0,53.0
1361,LSO,2021,63.0,52.2
1362,LSO,2022,61.9,52.1
1363,LTU,2006,74.3,82.8
1364,LTU,2008,73.6,84.3
1365,LTU,2010,72.4,84.6
1366,LTU,2011,72.4,85.3
1367,LTU,2012,72.4,85.5
1368,LTU,2013,75.4,85.8
1369,LTU,2014,75.4,86.4
1370,LTU,2015,75.4,86.5
1371,LTU,2016,74.7,87.0
1372,LTU,2017,74.1,87.8
1373,LTU,2018,75.0,88.2
1374,LTU,2019,75.0,88.6
1375,LTU,2020,71.3,88.0
1376,LTU,2021,71.8,87.5
1377,LTU,2022,73.1,87.9
1378,LUX,2006,91.0,88.2
1379,LUX,2008,91.0,89.8
1380,LUX,2010,88.8,91.2
1381,LUX,2011,88.8,91.3
1382,LUX,2012,88.8,91.7
1383,LUX,2013,88.8,92.2
1384,LUX,2014,88.8,92.7
1385,LUX,2015,88.8,91.4
1386,LUX,2016,88.1,92.2
1387,LUX,2017,88.1,91.8
1388,LUX,2018,88.1,92.1
1389,LUX,2019,88.1,92.5
1390,LUX,2020,86.8,92.1
1391,LUX,2021,86.8,92.7
1392,LUX,2022,88.1,92.7
1393,LVA,2006,73.7,82.1
1394,LVA,2008,72.3,83.2
1395,LVA,2010,70.5,82.7
1396,LVA,2011,70.5,83.3
1397,LVA,2012,70.5,83.7
1398,LVA,2013,70.5,84.6
1399,LVA,2014,74.8,85.0
1400,LVA,2015,73.7,85.3
1401,LVA,2016,73.1,85.8
1402,LVA,2017,72.5,86.3
1403,LVA,2018,73.8,86.8
1404,LVA,2019,74.9,87.3
1405,LVA,2020,72.4,87.3
1406,LVA,2021,73.1,86.5
1407,LVA,2022,73.7,87.9
1408,MAR,2006,39.0,57.6
1409,MAR,2008,38.8,59.0
1410,MAR,2010,37.9,60.4
1411,MAR,2011,38.3,61.6
1412,MAR,2012,40.7,62.6
1413,MAR,2013,40.7,63.6
1414,MAR,2014,40.0,64.5
1415,MAR,2015,46.6,65.6
1416,MAR,2016,47.7,66.2
1417,MAR,2017,48.7,67.1
1418,MAR,2018,49.9,67.7
1419,MAR,2019,51.0,68.4
1420,MAR,2020,50.4,68.3
1421,MAR,2021,50.4,68.8
1422,MAR,2022,50.4,69.8
1423,MDA,2006,65.0,70.6
1424,MDA,2008,65.0,71.8
1425,MDA,2010,63.3,71.6
1426,MDA,2011,63.3,71.9
1427,MDA,2012,63.2,72.2
1428,MDA,2013,63.2,72.6
1429,MDA,2014,63.2,74.9
1430,MDA,2015,63.5,74.9
1431,MDA,2016,60.1,75.5
1432,MDA,2017,59.4,76.4
1433,MDA,2018,58.5,76.7
1434,MDA,2019,57.5,77.3
1435,MDA,2020,57.8,76.5
1436,MDA,2021,61.0,76.7
1437,MDA,2022,62.3,76.3
1438,MDG,2006,58.2,46.9
1439,MDG,2008,55.7,48.5
1440,MDG,2010,39.4,48.8
1441,MDG,2011,39.3,49.0
1442,MDG,2012,39.3,49.2
1443,MDG,2013,43.2,49.4
1444,MDG,2014,44.2,49.7
1445,MDG,2015,48.5,49.9
1446,MDG,2016,50.7,50.1
1447,MDG,2017,51.1,50.2
1448,MDG,2018,52.2,50.2
1449,MDG,2019,56.4,49.8
1450,MDG,2020,57.0,48.6
1451,MDG,2021,57.0,48.4
1452,MDG,2022,57.0,48.7
1453,MEX,2006,66.7,74.1
1454,MEX,2008,67.8,74.5
1455,MEX,2010,69.3,74.7
1456,MEX,2011,69.3,75.3
1457,MEX,2012,69.0,76.0
1458,MEX,2013,69.1,76.1
1459,MEX,2014,66.8,76.5
1460,MEX,2015,65.5,76.9
1461,MEX,2016,64.7,77.3
1462,MEX,2017,64.1,77.6
1463,MEX,2018,61.9,77.9
1464,MEX,2019,60.9,78.1
1465,MEX,2020,60.7,75.7
1466,MEX,2021,55.7,75.7
1467,MEX,2022,52.5,78.1
1468,MKD,2006,63.3,71.2
1469,MKD,2008,62.1,73.6
1470,MKD,2010,61.6,74.6
1471,MKD,2011,61.6,75.1
1472,MKD,2012,61.6,75.5
1473,MKD,2013,61.6,76.3
1474,MKD,2014,62.5,76.9
1475,MKD,2015,60.2,77.7
1476,MKD,2016,52.3,78.2
1477,MKD,2017,55.7,78.9
1478,MKD,2018,58.7,79.6
1479,MKD,2019,59.7,78.7
1480,MKD,2020,58.9,76.6
1481,MKD,2021,60.3,76.4
1482,MKD,2022,61.0,76.5
1483,MLI,2006,59.9,37.3
1484,MLI,2008,58.7,39.0
1485,MLI,2010,60.1,40.6
1486,MLI,2011,63.6,41.1
1487,MLI,2012,51.2,40.7
1488,MLI,2013,59.0,40.4
1489,MLI,2014,57.9,41.0
1490,MLI,2015,57.0,40.9
1491,MLI,2016,57.0,40.7
1492,MLI,2017,56.4,41.3
1493,MLI,2018,54.1,41.7
1494,MLI,2019,49.2,42.1
1495,MLI,2020,39.3,40.7
1496,MLI,2021,34.8,40.8
1497,MLI,2022,32.3,41.0
1498,MLT,2006,83.9,83.2
1499,MLT,2008,83.9,84.4
1500,MLT,2010,82.8,86.2
1501,MLT,2011,82.8,85.7
1502,MLT,2012,82.8,86.5
1503,MLT,2013,82.8,87.4
1504,MLT,2014,83.9,88.1
1505,MLT,2015,83.9,88.7
1506,MLT,2016,83.9,88.7
1507,MLT,2017,81.5,89.6
1508,MLT,2018,82.1,90.3
1509,MLT,2019,79.5,90.5
1510,MLT,2020,76.8,90.1
1511,MLT,2021,75.7,91.2
1512,MLT,2022,77.0,91.5
1513,MMR,2006,17.7,46.6
1514,MMR,2008,17.7,46.1
1515,MMR,2010,17.7,50.6
1516,MMR,2011,17.7,51.7
1517,MMR,2012,23.5,52.6
1518,MMR,2013,27.6,53.8
1519,MMR,2014,30.5,54.8
1520,MMR,2015,41.4,55.7
1521,MMR,2016,42.0,56.7
1522,MMR,2017,38.3,58.0
1523,MMR,2018,38.3,59.5
1524,MMR,2019,35.5,60.8
1525,MMR,2020,30.4,61.5
1526,MMR,2021,10.2,59.9
1527,MMR,2022,7.4,60.8
1528,MNE,2006,65.7,77.1
1529,MNE,2008,64.3,79.7
1530,MNE,2010,62.7,80.6
1531,MNE,2011,61.5,81.1
1532,MNE,2012,60.5,81.3
1533,MNE,2013,59.4,81.9
1534,MNE,2014,59.4,82.2
1535,MNE,2015,60.1,82.7
1536,MNE,2016,57.2,82.6
1537,MNE,2017,56.9,83.3
1538,MNE,2018,57.4,83.8
1539,MNE,2019,56.5,84.1
1540,MNE,2020,57.7,83.2
1541,MNE,2021,60.2,84.0
1542,MNE,2022,64.5,84.4
1543,MNG,2006,66.0,66.9
1544,MNG,2008,66.0,69.0
1545,MNG,2010,63.6,70.0
1546,MNG,2011,62.3,71.0
1547,MNG,2012,63.5,72.0
1548,MNG,2013,65.1,73.0
1549,MNG,2014,66.2,73.5
1550,MNG,2015,66.2,73.9
1551,MNG,2016,66.2,74.1
1552,MNG,2017,65.0,74.2
1553,MNG,2018,65.0,75.4
1554,MNG,2019,65.0,74.9
1555,MNG,2020,64.8,74.0
1556,MNG,2021,64.2,73.0
1557,MNG,2022,63.5,74.1
1558,MOZ,2006,52.8,36.7
1559,MOZ,2008,54.9,39.1
1560,MOZ,2010,49.0,40.7
1561,MOZ,2011,49.0,41.2
1562,MOZ,2012,48.8,41.8
1563,MOZ,2013,47.7,43.2
1564,MOZ,2014,46.6,43.8
1565,MOZ,2015,46.0,44.5
1566,MOZ,2016,40.2,44.8
1567,MOZ,2017,40.2,45.0
1568,MOZ,2018,38.5,45.8
1569,MOZ,2019,36.5,46.5
1570,MOZ,2020,35.1,46.7
1571,MOZ,2021,35.1,45.9
1572,MOZ,2022,35.1,46.1
1573,MRT,2006,31.2,49.5
1574,MRT,2008,39.1,49.5
1575,MRT,2010,38.6,50.8
1576,MRT,2011,41.7,51.3
1577,MRT,2012,41.7,52.2
1578,MRT,2013,41.7,53.0
1579,MRT,2014,41.7,53.2
1580,MRT,2015,39.6,53.6
1581,MRT,2016,39.6,53.2
1582,MRT,2017,38.2,53.6
1583,MRT,2018,38.2,54.6
1584,MRT,2019,39.2,55.2
1585,MRT,2020,39.2,53.9
1586,MRT,2021,40.3,53.8
1587,MRT,2022,40.3,54.0
1588,MUS,2006,80.4,72.5
1589,MUS,2008,80.4,73.9
1590,MUS,2010,80.4,75.5
1591,MUS,2011,80.4,76.4
1592,MUS,2012,81.7,77.4
1593,MUS,2013,81.7,77.9
1594,MUS,2014,81.7,78.8
1595,MUS,2015,82.8,79.1
1596,MUS,2016,82.8,79.4
1597,MUS,2017,82.2,79.7
1598,MUS,2018,82.2,80.0
1599,MUS,2019,82.2,80.6
1600,MUS,2020,81.4,79.2
1601,MUS,2021,80.8,79.0
1602,MUS,2022,81.4,79.6
1603,MWI,2006,49.7,42.6
1604,MWI,2008,51.3,44.2
1605,MWI,2010,58.4,46.1
1606,MWI,2011,58.4,46.9
1607,MWI,2012,60.8,47.6
1608,MWI,2013,60.0,48.4
1609,MWI,2014,56.6,49.3
1610,MWI,2015,55.5,49.8
1611,MWI,2016,55.5,50.1
1612,MWI,2017,54.9,50.6
1613,MWI,2018,54.9,50.9
1614,MWI,2019,55.0,51.4
1615,MWI,2020,57.4,51.2
1616,MWI,2021,57.4,50.9
1617,MWI,2022,59.1,50.8
1618,MYS,2006,59.8,73.2
1619,MYS,2008,63.6,75.4
1620,MYS,2010,61.9,76.8
1621,MYS,2011,61.9,77.1
1622,MYS,2012,64.1,77.7
1623,MYS,2013,64.9,78.2
1624,MYS,2014,64.9,78.7
1625,MYS,2015,64.3,79.2
1626,MYS,2016,65.4,79.8
1627,MYS,2017,65.4,80.0
1628,MYS,2018,68.8,80.2
1629,MYS,2019,71.6,80.5
1630,MYS,2020,71.9,80.2
1631,MYS,2021,72.4,79.8
1632,MYS,2022,73.0,80.7
1633,NAM,2006,65.4,55.9
1634,NAM,2008,64.8,57.4
1635,NAM,2010,62.3,58.4
1636,NAM,2011,62.4,59.0
1637,NAM,2012,62.4,59.9
1638,NAM,2013,62.4,61.0
1639,NAM,2014,62.4,61.9
1640,NAM,2015,63.1,62.7
1641,NAM,2016,63.1,63.1
1642,NAM,2017,63.1,63.4
1643,NAM,2018,62.5,63.5
1644,NAM,2019,64.3,63.8
1645,NAM,2020,65.2,63.4
1646,NAM,2021,65.2,61.6
1647,NAM,2022,65.2,61.0
1648,NER,2006,35.4,30.3
1649,NER,2008,34.1,31.8
1650,NER,2010,33.8,33.6
1651,NER,2011,41.6,34.4
1652,NER,2012,41.6,35.2
1653,NER,2013,40.8,35.8
1654,NER,2014,40.2,36.3
1655,NER,2015,38.5,36.7
1656,NER,2016,39.6,37.2
1657,NER,2017,37.6,37.7
1658,NER,2018,37.6,38.3
1659,NER,2019,32.9,39.0
1660,NER,2020,32.9,39.1
1661,NER,2021,32.2,38.9
1662,NER,2022,37.3,39.4
1663,NGA,2006,35.2,47.5
1664,NGA,2008,35.3,48.2
1665,NGA,2010,34.7,48.8
1666,NGA,2011,38.3,49.4
1667,NGA,2012,37.7,49.9
1668,NGA,2013,37.7,50.4
1669,NGA,2014,37.6,51.3
1670,NGA,2015,46.2,52.0
1671,NGA,2016,45.0,52.6
1672,NGA,2017,44.4,52.8
1673,NGA,2018,44.4,53.0
1674,NGA,2019,41.2,53.7
1675,NGA,2020,41.0,53.9
1676,NGA,2021,41.1,54.2
1677,NGA,2022,42.3,54.8
1678,NIC,2006,56.8,59.0
1679,NIC,2008,60.7,60.2
1680,NIC,2010,57.3,61.1
1681,NIC,2011,55.6,61.9
1682,NIC,2012,55.6,62.5
1683,NIC,2013,54.6,63.1
1684,NIC,2014,53.2,63.8
1685,NIC,2015,52.6,64.4
1686,NIC,2016,48.1,65.0
1687,NIC,2017,46.6,65.6
1688,NIC,2018,36.3,65.8
1689,NIC,2019,35.5,66.1
1690,NIC,2020,36.0,65.2
1691,NIC,2021,26.9,66.5
1692,NIC,2022,25.0,66.9
1693,NLD,2006,96.6,90.5
1694,NLD,2008,95.3,91.1
1695,NLD,2010,89.9,91.7
1696,NLD,2011,89.9,92.7
1697,NLD,2012,89.9,92.7
1698,NLD,2013,88.4,92.9
1699,NLD,2014,89.2,93.1
1700,NLD,2015,89.2,93.2
1701,NLD,2016,88.0,93.3
1702,NLD,2017,88.9,93.6
1703,NLD,2018,88.9,93.9
1704,NLD,2019,90.1,94.1
1705,NLD,2020,89.6,93.8
1706,NLD,2021,88.8,94.1
1707,NLD,2022,90.0,94.6
1708,NOR,2006,95.5,93.4
1709,NOR,2008,96.8,93.5
1710,NOR,2010,98.0,93.8
1711,NOR,2011,98.0,94.0
1712,NOR,2012,99.3,94.1
1713,NOR,2013,99.3,94.5
1714,NOR,2014,99.3,94.9
1715,NOR,2015,99.3,95.2
1716,NOR,2016,99.3,95.6
1717,NOR,2017,98.7,95.9
1718,NOR,2018,98.7,96.0
1719,NOR,2019,98.7,96.1
1720,NOR,2020,98.1,96.3
1721,NOR,2021,97.5,96.4
1722,NOR,2022,98.1,96.6
1723,NPL,2006,34.2,50.3
1724,NPL,2008,40.5,51.8
1725,NPL,2010,42.4,54.3
1726,NPL,2011,42.4,55.2
1727,NPL,2012,41.6,55.7
1728,NPL,2013,47.7,56.3
1729,NPL,2014,47.7,56.7
1730,NPL,2015,47.7,56.8
1731,NPL,2016,48.6,57.4
1732,NPL,2017,51.8,58.1
1733,NPL,2018,51.8,58.8
1734,NPL,2019,52.8,59.8
1735,NPL,2020,52.2,59.3
1736,NPL,2021,44.1,59.1
1737,NPL,2022,44.9,60.1
1738,NZL,2006,90.1,91.8
1739,NZL,2008,91.9,91.9
1740,NZL,2010,92.6,92.4
1741,NZL,2011,92.6,92.4
1742,NZL,2012,92.6,92.7
1743,NZL,2013,92.6,93.0
1744,NZL,2014,92.6,93.1
1745,NZL,2015,92.6,93.3
1746,NZL,2016,92.6,93.5
1747,NZL,2017,92.6,93.5
1748,NZL,2018,92.6,93.6
1749,NZL,2019,92.6,93.7
1750,NZL,2020,92.5,93.5
1751,NZL,2021,93.7,93.6
1752,NZL,2022,96.1,93.9
1753,OMN,2006,27.7,75.7
1754,OMN,2008,29.8,77.0
1755,OMN,2010,28.6,79.8
1756,OMN,2011,32.6,81.1
1757,OMN,2012,32.6,81.3
1758,OMN,2013,32.6,81.4
1759,OMN,2014,31.5,81.8
1760,OMN,2015,30.4,82.4
1761,OMN,2016,30.4,83.2
1762,OMN,2017,30.4,83.3
1763,OMN,2018,30.4,83.8
1764,OMN,2019,30.6,84.1
1765,OMN,2020,30.0,82.3
1766,OMN,2021,30.0,81.0
1767,OMN,2022,31.2,81.9
1768,PAK,2006,39.2,48.5
1769,PAK,2008,44.6,48.9
1770,PAK,2010,45.5,49.6
1771,PAK,2011,45.5,50.0
1772,PAK,2012,45.7,50.4
1773,PAK,2013,46.4,51.0
1774,PAK,2014,46.4,51.9
1775,PAK,2015,44.0,52.5
1776,PAK,2016,43.3,53.3
1777,PAK,2017,42.6,53.4
1778,PAK,2018,41.7,53.5
1779,PAK,2019,42.5,53.7
1780,PAK,2020,43.1,53.6
1781,PAK,2021,43.1,53.7
1782,PAK,2022,41.3,54.0
1783,PAN,2006,73.5,75.6
1784,PAN,2008,73.5,76.9
1785,PAN,2010,71.5,77.5
1786,PAN,2011,70.8,78.1
1787,PAN,2012,70.8,78.8
1788,PAN,2013,70.8,79.4
1789,PAN,2014,70.8,79.7
1790,PAN,2015,71.9,80.2
1791,PAN,2016,71.3,80.9
1792,PAN,2017,70.8,81.4
1793,PAN,2018,70.5,81.7
1794,PAN,2019,70.5,82.0
1795,PAN,2020,71.8,80.9
1796,PAN,2021,68.5,81.3
1797,PAN,2022,69.1,82.0
1798,PER,2006,61.1,69.0
1799,PER,2008,63.1,70.7
1800,PER,2010,64.0,72.5
1801,PER,2011,65.9,73.1
1802,PER,2012,64.7,74.1
1803,PER,2013,65.4,74.9
1804,PER,2014,65.4,75.4
1805,PER,2015,65.8,75.8
1806,PER,2016,66.5,76.4
1807,PER,2017,64.9,76.5
1808,PER,2018,66.0,77.0
1809,PER,2019,66.0,77.4
1810,PER,2020,65.3,75.8
1811,PER,2021,60.9,75.5
1812,PER,2022,59.2,76.2
1813,PHL,2006,64.8,65.9
1814,PHL,2008,61.2,66.6
1815,PHL,2010,61.2,67.3
1816,PHL,2011,61.2,67.7
1817,PHL,2012,63.0,68.4
1818,PHL,2013,64.1,68.9
1819,PHL,2014,67.7,69.3
1820,PHL,2015,68.4,69.6
1821,PHL,2016,69.4,69.6
1822,PHL,2017,67.1,70.0
1823,PHL,2018,67.1,70.6
1824,PHL,2019,66.4,71.4
1825,PHL,2020,65.6,70.5
1826,PHL,2021,66.2,69.2
1827,PHL,2022,67.3,71.0
1828,PNG,2006,65.4,47.1
1829,PNG,2008,65.4,48.4
1830,PNG,2010,65.4,49.7
1831,PNG,2011,63.2,50.2
1832,PNG,2012,63.2,51.0
1833,PNG,2013,63.6,51.6
1834,PNG,2014,60.3,53.1
1835,PNG,2015,60.3,54.0
1836,PNG,2016,60.3,54.7
1837,PNG,2017,60.3,55.3
1838,PNG,2018,60.3,55.6
1839,PNG,2019,60.3,56.2
1840,PNG,2020,61.0,56.7
1841,PNG,2021,61.0,56.4
1842,PNG,2022,59.7,56.8
1843,POL,2006,73.0,82.4
1844,POL,2008,73.0,83.4
1845,POL,2010,70.5,84.5
1846,POL,2011,71.2,85.1
1847,POL,2012,71.2,85.5
1848,POL,2013,71.2,86.5
1849,POL,2014,74.7,86.7
1850,POL,2015,70.9,86.9
1851,POL,2016,68.3,87.2
1852,POL,2017,66.7,87.4
1853,POL,2018,66.7,87.6
1854,POL,2019,66.2,88.0
1855,POL,2020,68.5,87.4
1856,POL,2021,68.0,87.6
1857,POL,2022,70.4,88.1
1858,PRT,2006,81.6,81.9
1859,PRT,2008,80.5,82.5
1860,PRT,2010,80.2,83.1
1861,PRT,2011,78.1,83.6
1862,PRT,2012,79.2,83.7
1863,PRT,2013,76.5,84.2
1864,PRT,2014,77.9,84.7
1865,PRT,2015,77.9,85.0
1866,PRT,2016,78.6,85.1
1867,PRT,2017,78.4,85.7
1868,PRT,2018,78.4,85.8
1869,PRT,2019,80.3,86.4
1870,PRT,2020,79.0,86.1
1871,PRT,2021,78.2,86.5
1872,PRT,2022,79.5,87.4
1873,PRY,2006,61.6,67.4
1874,PRY,2008,64.0,69.1
1875,PRY,2010,64.0,70.0
1876,PRY,2011,64.0,71.1
1877,PRY,2012,62.6,71.6
1878,PRY,2013,62.6,72.9
1879,PRY,2014,62.6,73.1
1880,PRY,2015,63.3,73.8
1881,PRY,2016,62.7,73.6
1882,PRY,2017,63.1,73.9
1883,PRY,2018,62.4,74.2
1884,PRY,2019,62.4,74.6
1885,PRY,2020,61.8,74.2
1886,PRY,2021,58.6,73.0
1887,PRY,2022,58.9,73.1
1888,PSE,2006,60.1,66.2
1889,PSE,2008,58.3,67.8
1890,PSE,2010,54.4,68.8
1891,PSE,2011,49.7,69.6
1892,PSE,2012,48.0,70.2
1893,PSE,2013,48.0,70.4
1894,PSE,2014,47.2,69.8
1895,PSE,2015,45.7,71.0
1896,PSE,2016,44.9,71.5
1897,PSE,2017,44.6,71.8
1898,PSE,2018,43.9,72.2
1899,PSE,2019,38.9,73.9
1900,PSE,2020,38.3,71.5
1901,PSE,2021,39.4,71.5
1902,PSE,2022,38.6,71.6
1903,QAT,2006,27.8,81.8
1904,QAT,2008,29.2,83.5
1905,QAT,2010,30.9,82.9
1906,QAT,2011,31.8,83.0
1907,QAT,2012,31.8,84.0
1908,QAT,2013,31.8,85.2
1909,QAT,2014,31.8,85.0
1910,QAT,2015,31.8,85.2
1911,QAT,2016,31.8,85.3
1912,QAT,2017,31.9,86.2
1913,QAT,2018,31.9,86.6
1914,QAT,2019,31.9,86.9
1915,QAT,2020,32.4,86.3
1916,QAT,2021,36.5,86.4
1917,QAT,2022,36.5,87.5
1918,ROU,2006,70.6,76.8
1919,ROU,2008,70.6,80.7
1920,ROU,2010,66.0,81.3
1921,ROU,2011,65.4,81.3
1922,ROU,2012,65.4,80.7
1923,ROU,2013,65.4,81.1
1924,ROU,2014,66.8,81.1
1925,ROU,2015,66.8,81.3
1926,ROU,2016,66.2,81.5
1927,ROU,2017,64.4,82.3
1928,ROU,2018,63.8,82.9
1929,ROU,2019,64.9,83.4
1930,ROU,2020,64.0,82.8
1931,ROU,2021,64.3,82.5
1932,ROU,2022,64.5,82.7
1933,RUS,2006,50.2,77.8
1934,RUS,2008,44.8,79.3
1935,RUS,2010,42.6,79.7
1936,RUS,2011,39.2,80.7
1937,RUS,2012,37.4,81.1
1938,RUS,2013,35.9,81.6
1939,RUS,2014,33.9,81.8
1940,RUS,2015,33.1,82.3
1941,RUS,2016,32.4,82.6
1942,RUS,2017,31.7,82.7
1943,RUS,2018,29.4,83.6
1944,RUS,2019,31.1,83.9
1945,RUS,2020,33.1,82.6
1946,RUS,2021,32.4,81.8
1947,RUS,2022,22.8,82.1
1948,RWA,2006,38.2,44.0
1949,RWA,2008,37.1,46.5
1950,RWA,2010,32.5,48.5
1951,RWA,2011,32.5,49.3
1952,RWA,2012,33.6,50.1
1953,RWA,2013,33.8,50.2
1954,RWA,2014,32.5,50.7
1955,RWA,2015,30.7,50.9
1956,RWA,2016,30.7,51.8
1957,RWA,2017,31.9,52.0
1958,RWA,2018,33.5,52.2
1959,RWA,2019,31.6,53.1
1960,RWA,2020,31.0,53.5
1961,RWA,2021,31.0,53.9
1962,RWA,2022,31.0,54.8
1963,SAU,2006,19.2,78.5
1964,SAU,2008,19.0,79.4
1965,SAU,2010,18.4,80.5
1966,SAU,2011,17.7,81.6
1967,SAU,2012,17.1,82.4
1968,SAU,2013,18.2,83.1
1969,SAU,2014,18.2,83.6
1970,SAU,2015,19.3,84.2
1971,SAU,2016,19.3,84.6
1972,SAU,2017,19.3,84.9
1973,SAU,2018,19.3,85.6
1974,SAU,2019,19.3,86.2
1975,SAU,2020,20.8,86.1
1976,SAU,2021,20.8,86.7
1977,SAU,2022,20.8,87.5
1978,SDN,2006,29.0,46.6
1979,SDN,2008,28.1,48.0
1980,SDN,2010,24.2,48.9
1981,SDN,2011,23.8,49.1
1982,SDN,2012,23.8,49.8
1983,SDN,2013,25.4,50.3
1984,SDN,2014,25.4,51.1
1985,SDN,2015,23.7,51.4
1986,SDN,2016,23.7,51.7
1987,SDN,2017,21.5,52.0
1988,SDN,2018,21.5,52.0
1989,SDN,2019,27.0,52.1
1990,SDN,2020,25.4,51.8
1991,SDN,2021,24.7,51.6
1992,SDN,2022,24.7,51.6
1993,SEN,2006,53.7,42.9
1994,SEN,2008,53.7,45.4
1995,SEN,2010,52.7,47.0
1996,SEN,2011,55.1,48.3
1997,SEN,2012,60.9,49.1
1998,SEN,2013,61.5,49.7
1999,SEN,2014,61.5,50.1
2000,SEN,2015,60.8,50.1
2001,SEN,2016,62.1,51.0
2002,SEN,2017,61.5,51.1
2003,SEN,2018,61.5,51.5
2004,SEN,2019,58.1,51.4
2005,SEN,2020,56.7,51.4
2006,SEN,2021,55.3,51.2
2007,SEN,2022,57.2,51.7
2008,SGP,2006,58.9,90.1
2009,SGP,2008,58.9,91.0
2010,SGP,2010,58.9,92.1
2011,SGP,2011,58.9,92.4
2012,SGP,2012,58.8,92.6
2013,SGP,2013,59.2,93.0
2014,SGP,2014,60.3,93.2
2015,SGP,2015,61.4,93.5
2016,SGP,2016,63.8,93.7
2017,SGP,2017,63.2,93.8
2018,SGP,2018,63.8,94.2
2019,SGP,2019,60.2,94.5
2020,SGP,2020,60.3,94.2
2021,SGP,2021,62.3,94.2
2022,SGP,2022,62.2,94.9
2023,SLE,2006,35.7,37.1
2024,SLE,2008,41.1,40.3
2025,SLE,2010,45.1,41.6
2026,SLE,2011,45.1,42.4
2027,SLE,2012,47.1,42.7
2028,SLE,2013,46.4,44.5
2029,SLE,2014,45.6,44.7
2030,SLE,2015,45.5,43.8
2031,SLE,2016,45.5,44.6
2032,SLE,2017,46.6,44.8
2033,SLE,2018,46.6,45.4
2034,SLE,2019,48.6,45.7
2035,SLE,2020,48.6,45.3
2036,SLE,2021,49.7,45.6
2037,SLE,2022,50.3,45.8
2038,SLV,2006,62.2,64.5
2039,SLV,2008,64.0,65.1
2040,SLV,2010,64.7,65.7
2041,SLV,2011,64.7,65.7
2042,SLV,2012,64.7,66.1
2043,SLV,2013,65.3,66.4
2044,SLV,2014,65.3,66.3
2045,SLV,2015,66.4,66.3
2046,SLV,2016,66.4,66.4
2047,SLV,2017,64.3,66.7
2048,SLV,2018,59.6,67.3
2049,SLV,2019,61.5,67.6
2050,SLV,2020,59.0,66.6
2051,SLV,2021,57.2,66.9
2052,SLV,2022,50.6,67.4
2053,SRB,2006,66.2,74.3
2054,SRB,2008,64.9,76.4
2055,SRB,2010,63.3,76.8
2056,SRB,2011,63.3,77.3
2057,SRB,2012,63.3,78.0
2058,SRB,2013,66.7,78.5
2059,SRB,2014,67.1,78.7
2060,SRB,2015,67.1,79.4
2061,SRB,2016,65.7,80.0
2062,SRB,2017,64.1,80.2
2063,SRB,2018,64.1,80.8
2064,SRB,2019,64.1,81.2
2065,SRB,2020,62.2,80.6
2066,SRB,2021,63.6,80.4
2067,SRB,2022,63.3,80.5
2068,SUR,2006,65.2,67.8
2069,SUR,2008,65.8,68.9
2070,SUR,2010,66.5,69.6
2071,SUR,2011,66.5,69.7
2072,SUR,2012,66.5,69.8
2073,SUR,2013,67.7,70.0
2074,SUR,2014,67.7,70.1
2075,SUR,2015,67.7,70.7
2076,SUR,2016,67.7,70.9
2077,SUR,2017,67.6,71.0
2078,SUR,2018,69.8,71.4
2079,SUR,2019,69.8,71.0
2080,SUR,2020,68.2,70.2
2081,SUR,2021,68.2,68.9
2082,SUR,2022,69.5,69.0
2083,SVK,2006,74.0,81.2
2084,SVK,2008,73.3,83.1
2085,SVK,2010,73.5,84.1
2086,SVK,2011,73.5,84.6
2087,SVK,2012,73.5,84.6
2088,SVK,2013,73.5,84.9
2089,SVK,2014,73.5,85.1
2090,SVK,2015,72.9,85.2
2091,SVK,2016,72.9,85.5
2092,SVK,2017,71.6,85.7
2093,SVK,2018,71.0,86.0
2094,SVK,2019,71.7,86.3
2095,SVK,2020,69.7,86.0
2096,SVK,2021,70.3,85.2
2097,SVK,2022,70.7,85.5
2098,SVN,2006,79.6,87.8
2099,SVN,2008,79.6,88.9
2100,SVN,2010,76.9,89.0
2101,SVN,2011,77.6,89.2
2102,SVN,2012,78.8,89.2
2103,SVN,2013,78.8,90.1
2104,SVN,2014,75.7,90.3
2105,SVN,2015,75.7,90.3
2106,SVN,2016,75.1,90.9
2107,SVN,2017,75.0,91.2
2108,SVN,2018,75.0,91.6
2109,SVN,2019,75.0,91.8
2110,SVN,2020,75.4,91.0
2111,SVN,2021,75.4,91.6
2112,SVN,2022,77.5,92.6
2113,SWE,2006,98.8,90.7
2114,SWE,2008,98.8,90.5
2115,SWE,2010,95.0,91.0
2116,SWE,2011,95.0,91.2
2117,SWE,2012,97.3,91.2
2118,SWE,2013,97.3,93.2
2119,SWE,2014,97.3,93.5
2120,SWE,2015,94.5,93.7
2121,SWE,2016,93.9,93.9
2122,SWE,2017,93.9,94.1
2123,SWE,2018,93.9,94.3
2124,SWE,2019,93.9,94.7
2125,SWE,2020,92.6,94.4
2126,SWE,2021,92.6,94.9
2127,SWE,2022,93.9,95.2
2128,SWZ,2006,29.3,45.4
2129,SWZ,2008,30.4,47.3
2130,SWZ,2010,29.0,49.8
2131,SWZ,2011,32.6,51.4
2132,SWZ,2012,32.0,53.0
2133,SWZ,2013,32.0,54.6
2134,SWZ,2014,30.9,56.0
2135,SWZ,2015,30.9,57.7
2136,SWZ,2016,30.3,59.0
2137,SWZ,2017,30.3,60.1
2138,SWZ,2018,30.3,61.3
2139,SWZ,2019,31.4,62.3
2140,SWZ,2020,30.8,62.2
2141,SWZ,2021,30.8,61.2
2142,SWZ,2022,30.1,61.0
2143,SYR,2006,23.6,65.0
2144,SYR,2008,21.8,65.1
2145,SYR,2010,23.1,66.1
2146,SYR,2011,19.9,68.7
2147,SYR,2012,16.3,63.8
2148,SYR,2013,18.6,55.8
2149,SYR,2014,17.4,54.4
2150,SYR,2015,14.3,55.2
2151,SYR,2016,14.3,55.1
2152,SYR,2017,14.3,55.8
2153,SYR,2018,14.3,56.3
2154,SYR,2019,14.3,56.4
2155,SYR,2020,14.3,56.1
2156,SYR,2021,14.3,55.8
2157,SYR,2022,14.3,55.7
2158,TCD,2006,16.5,32.8
2159,TCD,2008,15.2,34.3
2160,TCD,2010,15.2,36.4
2161,TCD,2011,16.2,37.3
2162,TCD,2012,16.2,38.1
2163,TCD,2013,15.0,38.5
2164,TCD,2014,15.0,39.2
2165,TCD,2015,15.0,38.8
2166,TCD,2016,15.0,38.8
2167,TCD,2017,15.0,38.9
2168,TCD,2018,16.1,39.3
2169,TCD,2019,16.1,39.8
2170,TCD,2020,15.5,39.6
2171,TCD,2021,16.7,39.3
2172,TCD,2022,16.7,39.4
2173,TGO,2006,17.5,45.2
2174,TGO,2008,24.3,45.2
2175,TGO,2010,34.5,46.9
2176,TGO,2011,34.5,48.3
2177,TGO,2012,34.5,48.7
2178,TGO,2013,34.5,49.5
2179,TGO,2014,34.5,50.2
2180,TGO,2015,34.1,51.0
2181,TGO,2016,33.2,51.5
2182,TGO,2017,30.5,52.2
2183,TGO,2018,31.0,52.8
2184,TGO,2019,33.0,53.6
2185,TGO,2020,28.0,54.0
2186,TGO,2021,28.0,54.5
2187,TGO,2022,29.9,54.7
2188,THA,2006,56.7,72.1
2189,THA,2008,68.1,73.5
2190,THA,2010,65.5,74.3
2191,THA,2011,65.5,74.9
2192,THA,2012,65.5,75.2
2193,THA,2013,62.5,75.4
2194,THA,2014,53.9,78.5
2195,THA,2015,50.9,78.9
2196,THA,2016,49.2,79.3
2197,THA,2017,46.3,79.5
2198,THA,2018,46.3,79.6
2199,THA,2019,63.2,80.1
2200,THA,2020,60.4,80.0
2201,THA,2021,60.4,79.7
2202,THA,2022,66.7,80.3
2203,TJK,2006,24.5,61.5
2204,TJK,2008,24.5,62.8
2205,TJK,2010,25.1,63.1
2206,TJK,2011,25.1,63.6
2207,TJK,2012,25.1,64.1
2208,TJK,2013,25.1,64.7
2209,TJK,2014,23.7,64.9
2210,TJK,2015,19.5,65.1
2211,TJK,2016,18.9,65.5
2212,TJK,2017,19.3,65.9
2213,TJK,2018,19.3,66.4
2214,TJK,2019,19.3,66.8
2215,TJK,2020,19.4,65.6
2216,TJK,2021,19.4,67.7
2217,TJK,2022,19.4,67.9
2218,TKM,2006,18.3,66.1
2219,TKM,2008,17.2,68.2
2220,TKM,2010,17.2,69.9
2221,TKM,2011,17.2,70.8
2222,TKM,2012,17.2,71.4
2223,TKM,2013,17.2,71.6
2224,TKM,2014,18.3,71.9
2225,TKM,2015,18.3,72.5
2226,TKM,2016,18.3,72.9
2227,TKM,2017,17.2,72.9
2228,TKM,2018,17.2,73.0
2229,TKM,2019,17.2,73.2
2230,TKM,2020,17.2,73.1
2231,TKM,2021,16.6,74.0
2232,TKM,2022,16.6,74.4
2233,TLS,2006,64.1,57.9
2234,TLS,2008,72.2,62.7
2235,TLS,2010,72.2,63.9
2236,TLS,2011,72.2,64.9
2237,TLS,2012,71.6,64.4
2238,TLS,2013,72.4,64.0
2239,TLS,2014,72.4,63.0
2240,TLS,2015,72.4,62.1
2241,TLS,2016,72.4,61.0
2242,TLS,2017,71.9,61.4
2243,TLS,2018,71.9,61.6
2244,TLS,2019,71.9,62.7
2245,TLS,2020,70.6,63.3
2246,TLS,2021,70.6,57.4
2247,TLS,2022,70.6,56.6
2248,TTO,2006,71.8,76.2
2249,TTO,2008,72.1,77.1
2250,TTO,2010,71.6,78.5
2251,TTO,2011,71.6,78.8
2252,TTO,2012,69.9,79.4
2253,TTO,2013,69.9,80.1
2254,TTO,2014,69.9,80.6
2255,TTO,2015,71.0,81.2
2256,TTO,2016,71.0,81.0
2257,TTO,2017,70.4,81.1
2258,TTO,2018,71.6,80.9
2259,TTO,2019,71.6,81.3
2260,TTO,2020,71.6,81.5
2261,TTO,2021,71.6,80.4
2262,TTO,2022,71.6,81.4
2263,TUN,2006,30.6,69.3
2264,TUN,2008,29.6,70.5
2265,TUN,2010,27.9,71.3
2266,TUN,2011,55.3,71.5
2267,TUN,2012,56.7,71.6
2268,TUN,2013,57.6,71.9
2269,TUN,2014,63.1,72.1
2270,TUN,2015,67.2,72.4
2271,TUN,2016,64.0,72.8
2272,TUN,2017,63.2,73.2
2273,TUN,2018,64.1,73.7
2274,TUN,2019,67.2,74.0
2275,TUN,2020,65.9,73.4
2276,TUN,2021,59.9,72.9
2277,TUN,2022,55.1,73.2
2278,TUR,2006,57.0,71.1
2279,TUR,2008,56.9,72.1
2280,TUR,2010,57.3,75.0
2281,TUR,2011,57.3,76.3
2282,TUR,2012,57.6,77.2
2283,TUR,2013,56.3,80.2
2284,TUR,2014,51.2,81.2
2285,TUR,2015,51.2,82.1
2286,TUR,2016,50.4,82.6
2287,TUR,2017,48.8,83.3
2288,TUR,2018,43.7,83.8
2289,TUR,2019,40.9,84.2
2290,TUR,2020,44.8,83.5
2291,TUR,2021,43.5,84.1
2292,TUR,2022,43.5,85.5
2293,TZA,2006,51.8,45.5
2294,TZA,2008,52.8,47.2
2295,TZA,2010,56.4,49.3
2296,TZA,2011,56.4,49.8
2297,TZA,2012,58.8,50.1
2298,TZA,2013,57.7,50.4
2299,TZA,2014,57.7,50.6
2300,TZA,2015,55.8,50.7
2301,TZA,2016,57.6,50.9
2302,TZA,2017,54.7,51.7
2303,TZA,2018,54.1,52.5
2304,TZA,2019,51.6,53.3
2305,TZA,2020,51.0,53.5
2306,TZA,2021,51.0,52.9
2307,TZA,2022,51.0,53.2
2308,UGA,2006,51.4,46.3
2309,UGA,2008,50.3,48.1
2310,UGA,2010,50.5,50.0
2311,UGA,2011,51.3,50.4
2312,UGA,2012,51.6,50.4
2313,UGA,2013,52.2,51.1
2314,UGA,2014,52.2,51.8
2315,UGA,2015,52.2,52.5
2316,UGA,2016,52.6,53.1
2317,UGA,2017,50.9,53.4
2318,UGA,2018,52.0,53.9
2319,UGA,2019,50.2,54.4
2320,UGA,2020,49.4,54.5
2321,UGA,2021,44.8,54.5
2322,UGA,2022,45.5,55.0
2323,UKR,2006,69.4,75.2
2324,UKR,2008,69.4,76.3
2325,UKR,2010,63.0,76.6
2326,UKR,2011,59.4,77.2
2327,UKR,2012,59.1,77.4
2328,UKR,2013,58.4,77.4
2329,UKR,2014,54.2,77.4
2330,UKR,2015,57.0,76.4
2331,UKR,2016,57.0,76.7
2332,UKR,2017,56.9,77.1
2333,UKR,2018,56.9,77.1
2334,UKR,2019,59.0,77.4
2335,UKR,2020,58.1,76.2
2336,UKR,2021,55.7,75.5
2337,UKR,2022,54.2,73.4
2338,URY,2006,79.6,76.7
2339,URY,2008,80.8,77.3
2340,URY,2010,81.0,78.5
2341,URY,2011,81.7,79.1
2342,URY,2012,81.7,79.4
2343,URY,2013,81.7,80.2
2344,URY,2014,81.7,80.5
2345,URY,2015,81.7,80.7
2346,URY,2016,81.7,81.1
2347,URY,2017,81.2,81.5
2348,URY,2018,83.8,81.5
2349,URY,2019,83.8,81.8
2350,URY,2020,86.1,82.0
2351,URY,2021,88.5,81.4
2352,URY,2022,89.1,83.0
2353,USA,2006,82.2,90.8
2354,USA,2008,82.2,91.2
2355,USA,2010,81.8,91.6
2356,USA,2011,81.1,91.8
2357,USA,2012,81.1,92.0
2358,USA,2013,81.1,92.2
2359,USA,2014,81.1,92.3
2360,USA,2015,80.5,92.4
2361,USA,2016,79.8,92.6
2362,USA,2017,79.8,92.8
2363,USA,2018,79.6,93.0
2364,USA,2019,79.6,93.3
2365,USA,2020,79.2,92.3
2366,USA,2021,78.5,92.1
2367,USA,2022,78.5,92.7
2368,UZB,2006,18.5,64.2
2369,UZB,2008,17.4,66.0
2370,UZB,2010,17.4,67.5
2371,UZB,2011,17.4,68.2
2372,UZB,2012,17.2,68.8
2373,UZB,2013,17.2,69.3
2374,UZB,2014,24.5,69.8
2375,UZB,2015,19.5,70.1
2376,UZB,2016,19.5,70.9
2377,UZB,2017,19.5,71.4
2378,UZB,2018,20.1,71.9
2379,UZB,2019,20.1,72.5
2380,UZB,2020,21.2,71.6
2381,UZB,2021,21.2,72.1
2382,UZB,2022,21.2,72.7
2383,VEN,2006,54.2,73.0
2384,VEN,2008,53.4,75.4
2385,VEN,2010,51.8,75.9
2386,VEN,2011,50.8,76.6
2387,VEN,2012,51.5,76.9
2388,VEN,2013,50.7,77.1
2389,VEN,2014,50.7,76.8
2390,VEN,2015,50.0,76.6
2391,VEN,2016,46.8,75.9
2392,VEN,2017,38.7,75.0
2393,VEN,2018,31.6,73.8
2394,VEN,2019,28.8,72.0
2395,VEN,2020,27.6,69.1
2396,VEN,2021,21.1,69.0
2397,VEN,2022,22.3,69.9
2398,VNM,2006,27.5,65.3
2399,VNM,2008,25.3,66.5
2400,VNM,2010,29.4,67.6
2401,VNM,2011,29.6,68.1
2402,VNM,2012,28.9,68.4
2403,VNM,2013,32.9,68.9
2404,VNM,2014,34.1,69.3
2405,VNM,2015,35.3,69.7
2406,VNM,2016,33.8,70.2
2407,VNM,2017,30.8,70.6
2408,VNM,2018,30.8,71.1
2409,VNM,2019,30.8,71.7
2410,VNM,2020,29.4,72.6
2411,VNM,2021,29.4,71.8
2412,VNM,2022,27.3,72.6
2413,World,2006,55.2,67.9
2414,World,2008,55.5,68.9
2415,World,2010,54.6,69.8
2416,World,2011,54.9,70.4
2417,World,2012,55.2,70.9
2418,World,2013,55.3,71.4
2419,World,2014,55.5,71.9
2420,World,2015,55.5,72.4
2421,World,2016,55.2,72.8
2422,World,2017,54.8,73.2
2423,World,2018,54.8,73.5
2424,World,2019,54.4,73.9
2425,World,2020,53.7,73.6
2426,World,2021,52.8,73.5
2427,World,2022,52.9,73.9
2428,YEM,2006,29.8,48.1
2429,YEM,2008,29.5,48.8
2430,YEM,2010,26.4,49.6
2431,YEM,2011,25.7,49.5
2432,YEM,2012,31.2,49.7
2433,YEM,2013,27.9,49.6
2434,YEM,2014,27.9,48.5
2435,YEM,2015,22.4,45.5
2436,YEM,2016,20.7,44.3
2437,YEM,2017,20.7,43.2
2438,YEM,2018,19.5,42.7
2439,YEM,2019,19.5,43.0
2440,YEM,2020,19.5,43.0
2441,YEM,2021,19.5,42.5
2442,YEM,2022,19.5,42.4
2443,ZAF,2006,79.1,63.7
2444,ZAF,2008,79.1,65.3
2445,ZAF,2010,77.9,67.5
2446,ZAF,2011,77.9,68.6
2447,ZAF,2012,77.9,69.6
2448,ZAF,2013,79.0,70.5
2449,ZAF,2014,78.2,71.4
2450,ZAF,2015,75.6,72.1
2451,ZAF,2016,74.1,71.1
2452,ZAF,2017,72.4,72.5
2453,ZAF,2018,72.4,73.1
2454,ZAF,2019,72.4,74.1
2455,ZAF,2020,70.5,72.2
2456,ZAF,2021,70.5,72.1
2457,ZAF,2022,70.5,71.7
2458,ZMB,2006,52.5,48.4
2459,ZMB,2008,52.5,50.6
2460,ZMB,2010,56.8,52.8
2461,ZMB,2011,61.9,53.4
2462,ZMB,2012,62.6,54.8
2463,ZMB,2013,62.6,55.4
2464,ZMB,2014,63.9,55.7
2465,ZMB,2015,62.8,56.3
2466,ZMB,2016,59.9,56.4
2467,ZMB,2017,56.8,56.8
2468,ZMB,2018,56.1,57.1
2469,ZMB,2019,50.9,57.4
2470,ZMB,2020,48.6,56.9
2471,ZMB,2021,57.2,56.5
2472,ZMB,2022,58.0,56.9
2473,ZWE,2006,26.2,42.2
2474,ZWE,2008,25.3,42.0
2475,ZWE,2010,26.4,48.1
2476,ZWE,2011,26.8,50.2
2477,ZWE,2012,26.7,52.2
2478,ZWE,2013,26.7,53.2
2479,ZWE,2014,27.8,53.9
2480,ZWE,2015,30.5,54.4
2481,ZWE,2016,30.5,54.7
2482,ZWE,2017,31.6,55.2
2483,ZWE,2018,31.6,56.4
2484,ZWE,2019,31.6,56.0
2485,ZWE,2020,31.6,55.4
2486,ZWE,2021,29.2,54.9
2487,ZWE,2022,29.2,55.0
